State Code,County Code,Site Num,Latitude,Longitude,Datum,longitude_wgs84,latitude_wgs84,x_km,y_km,x_model,y_model
6,1,7,37.687526,-121.784217,WGS84,-121.784217,37.687526,-182.59416664219665,158.9838343023562,-0.179255893179355,0.15607721617302478
6,1,9,37.743065,-122.169935,WGS84,-122.169935,37.743065,-216.44987920003416,165.95137179157513,-0.2124926394861025,0.16291736982556732
6,1,11,37.814781,-122.282347,WGS84,-122.282347,37.814781,-226.13912843471542,174.1701442704604,-0.22200474525453942,0.17098588279415203
6,1,12,37.793624,-122.263376,WGS84,-122.263376,37.793624,-224.53240187292198,171.7775334785754,-0.22042739363249303,0.16863701485156138
6,1,13,37.864767,-122.302741,NAD83,-122.302741,37.864767,-227.78243601789356,179.76581883223696,-0.2236180091063263,0.17647925457024932
6,1,15,37.701222,-121.903019,NAD83,-121.903019,37.701222,-193.0362629417686,160.7368387501069,-0.18950708210431402,0.15779817135909432
6,1,16,37.68975,-121.77155,WGS84,-121.77155,37.68975,-181.47167581526307,159.20657345896905,-0.17815392426398488,0.15629588310636056
6,1,2001,37.654456,-122.031547,WGS84,-122.031547,37.654456,-204.49581942771928,155.81363363417032,-0.20075712952424976,0.15296497462235675
6,5,2,38.342606,-120.764426,NAD83,-120.764426,38.342606,-91.83770954657525,230.22815562411,-0.09015868882918152,0.22601901490262688
6,7,8,39.76168,-121.84047,NAD83,-121.84047,39.76168,-182.3027741904527,389.3195475174511,-0.17896982810310622,0.3822018222475646
6,7,2003,39.75786,-121.60791,WGS84,-121.60791,39.75786,-162.37586078291895,388.47010360101217,-0.15940722801098667,0.38136790826911093
6,9,1,38.20185,-120.680277,NAD83,-120.680277,38.20185,-84.640855580251,214.52649147406106,-0.08309341117251455,0.21060441604999938
6,11,7,39.021221,-122.281803,WGS84,-122.281803,39.021221,-222.41941741850312,308.067958637385,-0.21835303976557485,0.30243571358825255
6,11,1002,39.18919,-121.99887,NAD83,-121.99887,39.18919,-197.4564004759461,326.0855034597396,-0.1938464085802644,0.32012385308045826
6,13,2,37.936013,-122.026154,WGS84,-122.026154,37.936013,-203.25587831909286,187.049072769075,-0.19953985760913884,0.18362935259204585
6,13,1002,38.006311,-121.641918,WGS84,-121.641918,38.006311,-169.32238458457746,194.1018997998622,-0.1662267521582065,0.19055323648216294
6,13,1004,37.9604,-122.356811,WGS84,-122.356811,37.9604,-232.2418347412992,190.5090377029475,-0.2279958789797564,0.1870260608001778
6,13,2007,37.743649,-121.934188,WGS84,-121.934188,37.743649,-195.67408999147546,165.50862720197551,-0.19209668314438685,0.16248271970328534
6,17,12,38.81161,-120.033084,WGS84,-120.033084,38.81161,-27.71238543376142,281.8314466710311,-0.02720573441315764,0.27667887002130825
6,17,20,38.890941,-121.003373,WGS84,-121.003373,38.890941,-111.88943895485804,291.35190187076086,-0.10984382297651644,0.2860252677276806
6,17,2004,38.73196,-120.81162,WGS84,-120.81162,38.73196,-95.45673911003347,273.49430663829327,-0.09371155357163202,0.2684941535508293
6,19,7,36.705474,-119.741332,NAD83,-119.741332,36.705474,-2.4310903448951877,48.02110368697371,-0.0023866439940978088,0.047143159013041586
6,19,11,36.78538,-119.77321,NAD83,-119.77321,36.78538,-5.274087189390615,56.88977518531296,-0.005177663817117412,0.05584968923787794
6,19,242,36.841592,-119.874739,NAD83,-119.874739,36.841592,-14.32636931885743,63.13817229938341,-0.014064447816130966,0.06198385018189553
6,19,500,36.985119,-119.658339,WGS84,-119.658339,36.985119,4.966681609553791,79.05573238245687,0.00487587837240522,0.07761039785534127
6,19,2009,36.634225,-120.382331,WGS84,-120.382331,36.634225,-59.76175548341517,40.320920968826854,-0.058669162625210394,0.039583754700359304
6,19,2016,36.710833,-119.7775,WGS84,-119.7775,36.710833,-5.662477338640642,48.61732015107385,-0.005558953232799037,0.04772847516396734
6,19,4001,36.597442,-119.503659,NAD83,-119.503659,36.597442,18.832294313404226,36.05284507875394,0.01848799334526841,0.03539370980516009
6,19,5001,36.819449,-119.716433,NAD83,-119.716433,36.819449,-0.20594497425632347,60.66893349449359,-0.00020217979021453156,0.059559755176106004
6,19,5025,36.72639,-119.733,WGS84,-119.733,36.72639,-1.686131796773631,50.34202310341289,-0.00165530513272662,0.04942164627603484
6,21,3,39.53387,-122.190834,NAD83,-122.190834,39.53387,-213.01625864257497,364.7640619865274,-0.20912179401395528,0.35809527179064965
6,23,6,41.047117,-123.675233,WGS84,-123.675233,41.047117,-333.3113912063577,537.0781719576672,-0.32721763370802875,0.5272590531879472
6,23,1004,40.77678,-124.17949,NAD83,-124.17949,40.77678,-377.1973628466613,508.9904539461072,-0.3703012611266523,0.4996848482058231
6,25,5,32.67618,-115.48307,NAD83,-115.48307,32.67618,396.9874635100743,-390.5407582698548,0.38972954975035706,-0.38340070624374023
6,25,7,32.97833,-115.53917,WGS84,-115.53917,32.97833,390.3607183955589,-357.2624079165258,0.38322395794411873,-0.35073076653087465
6,25,1003,32.79222,-115.56306,WGS84,-115.56306,32.79222,388.96568891804037,-377.99085154942236,0.38185443305949235,-0.3710802428912772
6,25,4003,33.0325,-115.62361,WGS84,-115.62361,33.0325,382.2292366284127,-351.5845033638514,0.37524113979693385,-0.34515666813171164
6,25,4004,33.213611,-115.54528,WGS84,-115.54528,33.213611,388.7227438228793,-331.19902985407674,0.38161592960219415,-0.32514389155139856
6,27,2,37.360684,-118.330783,WGS84,-118.330783,37.360684,122.55256845202598,121.61770774145815,0.12031200406494912,0.11939423492285213
6,27,101,36.508611,-116.847778,WGS84,-116.847778,36.508611,256.7337411924123,29.982064335989346,0.25204001273985926,0.0294339179654091
6,27,1003,36.487823,-117.871036,WGS84,-117.871036,36.487823,165.14056998969033,25.44226186816071,0.1621213914881372,0.024977114327080822
6,27,1018,36.595556,-118.049167,WGS84,-118.049167,36.595556,148.97529786169275,37.10701091123942,0.14625166055927472,0.03642860287615086
6,27,1023,37.362137,-118.417478,WGS84,-118.417478,37.362137,114.87040334838444,121.6717673662236,0.11277028796016803,0.11944730620382718
6,27,1033,37.155494,-118.293547,NAD83,-118.293547,37.155494,126.19040089663054,98.89438551133286,0.12388332792532335,0.09708635128522619
6,29,7,35.345607,-118.851825,NAD83,-118.851825,35.345607,78.38775095458834,-102.52296473494974,0.07695462878187229,-0.10064859109640306
6,29,8,35.051454,-119.40262,NAD83,-119.40262,35.051454,28.420985201703257,-135.4586960703023,0.027901379222873834,-0.13298217571525323
6,29,10,35.385574,-119.015009,WGS84,-119.015009,35.385574,63.52216700773444,-98.20748554641376,0.06236082451622074,-0.09641200955240556
6,29,14,35.356615,-119.062613,NAD83,-119.062613,35.356615,59.218205224823,-101.45033527124683,0.05813554981115628,-0.09959557195508881
6,29,16,35.324636,-118.997627,NAD83,-118.997627,35.324636,65.15077313392572,-104.95685280480967,0.06395965569005477,-0.10303798166612618
6,29,18,35.642943,-117.715066,NAD83,-117.715066,35.642943,181.04245889991375,-68.02065908847706,0.17773255449657388,-0.06677707302362199
6,29,20,35.04944,-118.18893,WGS84,-118.18893,35.04944,139.15338205371717,-134.64219918517063,0.13660931369098098,-0.1321806064147988
6,29,232,35.438035,-119.016787,NAD83,-119.016787,35.438035,63.319280276849945,-92.38824498554912,0.0621616470571171,-0.0906991591172249
6,29,2012,35.331612,-118.999961,NAD83,-118.999961,35.331612,64.93292543633116,-104.18445254775504,0.06374579078775533,-0.10227970279820592
6,29,2019,35.376953,-119.043889,NAD83,-119.043889,35.376953,60.90467727105504,-99.18237814921267,0.05979118897273877,-0.09736907870462609
6,29,5002,35.23918,-118.78863,NAD83,-118.78863,35.23918,84.24344349886854,-114.27778343645845,0.08270326476795785,-0.11218850260753774
6,29,6001,35.503587,-119.272606,WGS84,-119.272606,35.503587,40.058012252880346,-85.25100786484667,0.03932565260669287,-0.08369240836263259
6,31,4,36.102244,-119.56565,NAD83,-119.56565,36.102244,13.369748008340407,-18.907330460433634,0.013125315911730325,-0.018561657645743305
6,31,1004,36.31567,-119.643447,NAD83,-119.643447,36.31567,6.34707736550908,4.7671149317430626,0.0062310370761311535,0.0046799602675848245
6,33,3002,39.01893,-122.91333,NAD83,-122.91333,39.01893,-277.1136710452346,309.4783585338974,-0.27204734701499494,0.303820327882557
6,37,16,34.14435,-117.85036,WGS84,-117.85036,34.14435,171.92099292316237,-234.50540829207682,0.16877785150230085,-0.23021806880149873
6,37,113,34.05111,-118.45636,WGS84,-118.45636,34.05111,116.15457106486988,-245.73349094783276,0.11403097791124281,-0.2412408743059766
6,37,1103,34.06659,-118.22688,WGS84,-118.22688,34.06659,137.32014527774328,-243.72138454411996,0.13480959302230056,-0.23926555418922713
6,37,1201,34.19925,-118.53276,WGS84,-118.53276,34.19925,108.90574361206006,-229.38878394992645,0.10691467697210771,-0.22519498902090163
6,37,1302,33.901389,-118.205,WGS84,-118.205,33.901389,139.61541032960926,-262.01443548692095,0.1370628949460243,-0.2572241628678542
6,37,1602,34.01029,-118.0685,NAD83,-118.0685,34.01029,152.0447643160867,-249.73366193737147,0.14926500956699326,-0.24516791226554632
6,37,1701,34.06703,-117.7514,WGS84,-117.7514,34.06703,181.21615446005916,-242.90420878020612,0.17790307447181583,-0.23846331842157556
6,37,2005,34.1326,-118.1272,WGS84,-118.1272,34.1326,146.40717977981873,-236.25604963673862,0.14373049403450583,-0.2319367040878548
6,37,4008,33.859662,-118.200707,NAD83,-118.200707,33.859662,140.0821310958189,-266.636550797541,0.13752108290104373,-0.26176177446640403
6,37,4009,33.793713,-118.171019,NAD83,-118.171019,33.793713,142.94187862103058,-273.90874727215794,0.140328547160862,-0.26890101718376674
6,37,4010,34.181977,-118.363036,NAD83,-118.363036,34.181977,124.57692854193576,-231.1035270431293,0.12229935384017221,-0.2268783823647182
6,37,6012,34.38344,-118.5284,WGS84,-118.5284,34.38344,109.06535207325578,-208.9526706451094,0.10707136739544794,-0.20513249846638185
6,37,9035,34.725389,-118.178601,WGS84,-118.178601,34.725389,140.65319385399422,-170.57567530557333,0.13808170521806865,-0.1674571296217196
6,39,4,36.867125,-120.010158,NAD83,-120.010158,36.867125,-26.396621137594025,66.00029604933603,-0.025914025546109498,0.06479364722318304
6,39,2010,36.953256,-120.034203,WGS84,-120.034203,36.953256,-28.508741619121366,75.56559787336299,-0.027987531235699793,0.07418407164652177
6,41,1,37.97231,-122.520004,WGS84,-122.520004,37.97231,-246.54000373931572,192.23968903717508,-0.24203264204673444,0.18872507154298496
6,43,3,37.71325,-119.7062,WGS84,-119.7062,37.71325,0.6988292010527648,159.8653608912933,0.0006860528729814268,0.15694262627328784
6,43,6,37.54377,-119.83957,NAD83,-119.83957,37.54377,-11.086972055643605,141.0620914855488,-0.010884274755520387,0.13848312718850248
6,45,6,39.15047,-123.20655,WGS84,-123.20655,39.15047,-301.9507961479638,324.9739898735354,-0.29643038797501337,0.31903266071467773
6,45,8,39.14566,-123.20298,WGS84,-123.20298,39.14566,-301.6623993353315,324.4287715667854,-0.29614726377017614,0.31849741034851614
6,45,11,39.125276,-123.202448,WGS84,-123.202448,39.125276,-301.70164874282443,322.16477525261314,-0.29618579560131997,0.31627480549254083
6,45,2003,39.39861,-123.35872,WGS84,-123.35872,39.39861,-314.0144155190454,353.0094449013263,-0.3082734545149017,0.34655555820977724
6,47,2024,37.289732,-120.429718,WGS84,-120.429718,37.289732,-63.45637899969269,113.09664886261842,-0.06229623927585475,0.11102896209815445
6,47,2510,37.30832,-120.480456,NAD83,-120.480456,37.30832,-67.93896972764323,115.19428156646825,-0.06669687714656412,0.11308824488251439
6,51,1,37.64571,-118.96652,WGS84,-118.96652,37.64571,65.98422551730744,152.62650364440802,0.06477787050026998,0.1498361132600271
6,51,5,37.962069,-119.120278,WGS84,-119.120278,37.962069,52.193069054019396,187.6447692021174,0.05123885052354072,0.1842141582193692
6,53,2,36.48187,-121.73333,NAD83,-121.73333,36.48187,-180.9322042672348,25.0969642652884,-0.1776243155915668,0.024638129619333524
6,53,8,36.209286,-121.126371,NAD83,-121.126371,36.209286,-126.99156511422584,-6.11446215273457,-0.12466984487736708,-0.006002674645393104
6,53,1003,36.694261,-121.623271,NAD83,-121.623271,36.694261,-170.60463736720172,48.46382572404186,-0.1674855621851524,0.04757778699510821
6,57,5,39.233477,-121.055608,NAD83,-121.055608,39.233477,-115.87236294403252,329.44025382719656,-0.11375392925359155,0.32341727030495626
6,57,1001,39.32783,-120.184592,NAD83,-120.184592,39.32783,-40.585124312620685,339.1949613364834,-0.03984312775287056,0.3329936376086666
6,59,7,33.83062,-117.93845,WGS84,-117.93845,33.83062,164.41108629934868,-269.4533503820714,0.16140524456583052,-0.2645270759802342
6,59,8,33.819305,-117.918759,WGS84,-117.918759,33.819305,166.2564602516229,-270.67536915589284,0.16321688051317731,-0.26572675322519546
6,59,5001,33.92513,-117.95264,WGS84,-117.95264,33.92513,162.91391719661888,-258.99434154546583,0.15993544742123575,-0.2542592837212934
6,61,3,38.93568,-121.09959,NAD83,-121.09959,38.93568,-120.1651671214554,296.43602769094434,-0.11796825034182162,0.29101644313975755
6,61,4,39.100174,-120.953832,WGS84,-120.953832,39.100174,-107.28000851381454,314.52179303615,-0.10531866433672005,0.30877155591474503
6,61,6,38.74643,-121.26498,NAD83,-121.26498,38.74643,-134.85881002452388,275.65023670500034,-0.132393257071688,0.27061066787791127
6,61,1004,39.166017,-120.148833,WGS84,-120.148833,39.166017,-37.58481916381953,321.21577032170165,-0.03689767561083767,0.3153431507214686
6,61,2003,38.867937,-121.338353,NAD83,-121.338353,38.867937,-141.00320938853454,289.24472709302523,-0.13842532160201163,0.28395661732217137
6,63,1006,39.939567,-120.944376,NAD83,-120.944376,39.939567,-105.21688025561183,407.7014540666824,-0.10329325517130901,0.4002476620321332
6,63,1010,39.81336,-120.47069,WGS84,-120.47069,39.81336,-64.82193234560002,393.260950933074,-0.06363682692553768,0.3860711670499761
6,65,9,33.447867,-117.088649,WGS84,-117.088649,33.447867,244.18256364891246,-310.1485763212703,0.23971830179812106,-0.3044782924293415
6,65,10,33.747236,-115.820124,NAD83,-115.820124,33.747236,360.83325341128204,-273.068543274337,0.35423632812870115,-0.26807617419534097
6,65,12,33.92086,-116.85841,WGS84,-116.85841,33.92086,264.10667143029383,-257.09998194113143,0.2592781475578809,-0.25239955770089284
6,65,16,33.583018,-117.072202,NAD83,-117.072202,33.583018,245.3207664001023,-295.1194351988728,0.24083569538486985,-0.289723921218277
6,65,500,33.71969,-116.1897,NAD83,-116.1897,33.71969,326.70862786034445,-277.40930778486654,0.3207355852241863,-0.27233757878304043
6,65,1016,33.944713,-116.830074,NAD83,-116.830074,33.944713,266.65067663688114,-254.37830447509572,0.26177564205042597,-0.24972763923771227
6,65,2007,33.72537,-116.206842,WGS84,-116.206842,33.72537,325.09834851380015,-276.8359653289982,0.31915474577109093,-0.2717747184468408
6,65,5001,33.85275,-116.54101,WGS84,-116.54101,33.85275,293.68972846350204,-263.7566137835389,0.2883203530619315,-0.25893448983163886
6,65,8001,33.99958,-117.41601,WGS84,-117.41601,33.99958,212.3484746131074,-249.71592397115,0.20846621872995577,-0.24515049859326596
6,65,8005,33.99636,-117.4924,NAD83,-117.4924,33.99636,205.29904185460396,-250.23484043111952,0.201545667056421,-0.24565992797552863
6,65,9001,33.67649,-117.33098,WGS84,-117.33098,33.67649,221.0517821762375,-285.3631122058168,0.21701040828175377,-0.2801459679658406
6,65,9003,33.61235,-114.60209,NAD83,-114.60209,33.61235,474.37163724158665,-282.8773029646713,0.4656989491856125,-0.277705605472398
6,67,6,38.613779,-121.368014,WGS84,-121.368014,38.613779,-144.0786067094713,261.07687421356655,-0.14144449304534795,0.2563037425359449
6,67,10,38.56844,-121.49311,NAD83,-121.49311,38.56844,-155.07095570538206,256.2410330998602,-0.1522358746849507,0.2515563125711666
6,67,11,38.302591,-121.420838,WGS84,-121.420838,38.302591,-149.3097696616947,226.61713805676618,-0.14658001738663243,0.22247401567716438
6,67,12,38.683304,-121.164457,WGS84,-121.164457,38.683304,-126.22729075740395,268.50486311011815,-0.12391954334810386,0.2635959294040328
6,67,15,38.593322,-121.503795,WGS84,-121.503795,38.593322,-155.94932257384738,259.0203830272475,-0.15309818283225554,0.2542848491003103
6,67,5003,38.494475,-121.211131,WGS84,-121.211131,38.494475,-130.62508123992853,247.60753375956807,-0.12823693133183603,0.24308065497505044
6,69,2,36.843425,-121.3621,NAD83,-121.3621,36.843425,-146.98448696503166,64.58600336096465,-0.14429724661498114,0.06340521130689317
6,69,3,36.48324,-121.15688,WGS84,-121.15688,36.48324,-129.2813607742787,24.324098690377898,-0.12691777740330207,0.023879393940719893
6,71,1,34.89405,-117.02471,WGS84,-117.02471,34.89405,245.8208327240366,-149.58976745397962,0.2413266192582563,-0.14685489612600985
6,71,5,34.2431,-117.27235,WGS84,-117.27235,34.2431,224.9623328992922,-222.38718742386703,0.22084946445520737,-0.21832139901504102
6,71,26,34.06812,-117.52579,NAD83,-117.52579,34.06812,202.04064360237075,-242.34462905297454,0.19834684039191608,-0.23791396919725716
6,71,27,34.030833,-117.61722,WGS84,-117.61722,34.030833,193.68694081676458,-246.66385202765022,0.19014586397669994,-0.24215422608171425
6,71,306,34.510961,-117.32554,NAD83,-117.32554,34.510961,219.3519579445331,-192.79672658286066,0.21534166104570887,-0.18927192506313037
6,71,1234,35.77446,-117.3721,WGS84,-117.3721,35.77446,211.7474834799284,-52.73713958507581,0.2078762152027238,-0.05177297409819026
6,71,2002,34.10002,-117.49201,WGS84,-117.49201,34.10002,205.0805275344799,-238.73665736212192,0.20133114771910243,-0.2343719601621221
6,71,4001,34.41651,-117.28563,WGS84,-117.28563,34.41651,223.2715266560139,-203.1832957927052,0.21918957033643194,-0.19946860207104528
6,71,4003,34.05977,-117.14731,WGS84,-117.14731,34.05977,237.00076668172687,-242.4276996861328,0.2326678058613679,-0.23799552109356137
6,71,8001,34.26464,-116.86147,NAD83,-116.86147,34.26464,262.7391619096779,-218.9798229069564,0.25793563949720644,-0.21497632955801213
6,71,9002,34.06957,-116.38893,WGS84,-116.38893,34.06957,306.9648365128188,-239.24755966007442,0.3013527592674143,-0.23487352190109223
6,71,9004,34.106678,-117.274063,NAD83,-117.274063,34.106678,225.17317838140693,-237.52228632338534,0.22105645515986316,-0.2331797908327129
6,73,1,32.631242,-117.059088,NAD83,-117.059088,32.631242,249.28718511626724,-400.63377786693303,0.2447295981461925,-0.39330920045262857
6,73,77,32.6509,-116.365,WGS84,-116.365,32.6509,314.36422576173476,-396.491676722757,0.3086168693602371,-0.3892428271730623
6,73,1006,32.842318,-116.768293,NAD83,-116.768293,32.842318,275.91101979584255,-376.4614676217027,0.27086668320816326,-0.36957881988845614
6,73,1008,33.217046,-117.396249,WGS84,-117.396249,33.217046,216.16385269084435,-336.460877821279,0.21221184224969208,-0.3303095399096131
6,73,1014,32.578165,-116.921374,WGS84,-116.921374,32.578165,262.3741380623361,-406.165964427041,0.25757728918958006,-0.3987402449449218
6,73,1016,32.845709,-117.123964,NAD83,-117.123964,32.845709,242.59664394557083,-377.01194029823995,0.23816137663363693,-0.3701192285615157
6,73,1017,32.985428,-117.082198,WGS84,-117.082198,32.985428,246.1088639989685,-361.415628852712,0.24160938460832734,-0.354808056305121
6,73,1022,32.789565,-116.944308,NAD83,-116.944308,32.789565,259.58763382732826,-382.78458422521624,0.25484172915127296,-0.375786334264647
6,73,1025,32.552824,-117.047345,WGS84,-117.047345,32.552824,250.61502327542408,-409.29982033299643,0.2460331601361202,-0.4018168062056013
6,73,1026,32.710177,-117.142665,NAD83,-117.142665,32.710177,241.2224940929843,-392.08650151116996,0.23681234964270156,-0.3849181894713992
6,73,1201,33.362593,-117.09023,WGS84,-117.09023,33.362593,244.28018426544082,-319.6093546890699,0.23981413766807413,-0.313766104344029
6,73,9991,32.725189,-116.36441,WGS84,-116.36441,32.725189,314.1507720117073,-388.25255962753477,0.308407318073264,-0.3811543415380998
6,75,5,37.765946,-122.399044,WGS84,-122.399044,37.765946,-236.56585836905242,169.03287245752867,-0.23224084874946654,0.16594253302966183
6,77,1003,37.961578,-121.281414,WGS84,-121.281414,37.961578,-137.744262396466,188.5576995622916,-0.13522595622999423,0.1851103979521765
6,77,2010,37.793392,-121.247874,NAD83,-121.247874,37.793392,-135.0999723878197,169.84321169636252,-0.1326300103898734,0.16673805726083885
6,77,3005,37.682635,-121.442495,NAD83,-121.442495,37.682635,-152.46584224007486,157.84318803047805,-0.14967838914395704,0.1549574237391959
6,79,5,35.614668,-120.656912,NAD83,-120.656912,35.614668,-85.41731267210874,-72.6036201317626,-0.08385567270625315,-0.07127624619178873
6,79,2004,35.02083,-120.56388,WGS84,-120.56388,35.02083,-77.55811189782008,-138.5645321046876,-0.07614015758121837,-0.13603122937699108
6,79,2007,35.04673,-120.58777,NAD83,-120.58777,35.04673,-79.71311013810974,-135.6719855478623,-0.078255757117977,-0.1331915657330663
6,79,2020,35.259502,-120.64472,WGS84,-120.64472,35.259502,-84.68638183151373,-112.01877947954586,-0.08313810509118283,-0.10997079883617046
6,79,3003,35.361589,-120.836819,WGS84,-120.836819,35.361589,-102.03784812984402,-100.50903360350799,-0.10017234362397003,-0.09867147961246547
6,79,4002,35.03146,-120.50103,WGS84,-120.50103,35.03146,-71.81245611777517,-137.43323433918403,-0.07049954661487078,-0.1349206145356937
6,79,8002,35.49453,-120.66617,WGS84,-120.66617,35.49453,-86.38561604596849,-85.92463103415257,-0.08480627309695425,-0.08435371603253672
6,79,8005,35.64368,-120.23135,WGS84,-120.23135,35.64368,-46.84453094391734,-69.67381956135438,-0.04598809693288029,-0.06840000962988893
6,79,8006,35.35472,-120.04019,WGS84,-120.04019,35.35472,-29.638078040451717,-101.80879737514658,-0.029096220591051658,-0.09994748048418993
6,81,1001,37.482934,-122.20337,WGS84,-122.20337,37.482934,-220.15404781978538,137.15979707283293,-0.21612908673209572,0.1346521763795924
6,83,11,34.427775,-119.691218,WGS84,-119.691218,34.427775,2.1059346274992095,-204.69205757834115,0.002067432928289749,-0.20094977995559962
6,83,1009,34.890667,-120.432844,WGS84,-120.432844,34.890667,-65.70347148734996,-153.10054151274602,-0.06450224934911707,-0.15030148454243109
6,83,1013,34.725352,-120.428717,NAD83,-120.428717,34.725352,-65.45838029806772,-171.44269775197654,-0.06426163903361191,-0.16830830075108602
6,83,1014,34.54166,-119.79146,WGS84,-119.79146,34.54166,-7.100003290685694,-192.05611058399177,-0.006970197651177892,-0.1885448493584595
6,83,1021,34.403052,-119.457914,NAD83,-119.457914,34.403052,23.561736764458704,-207.40411763800788,0.02313096987838735,-0.20361225684241196
6,83,1025,34.48974,-120.04692,WGS84,-120.04692,34.48974,-30.57250376859964,-197.7666948616255,-0.030013562703284372,-0.19415103001629577
6,83,2004,34.63782,-120.4575,WGS84,-120.4575,34.63782,-68.16758068538306,-181.13334140146836,-0.06692130852996392,-0.17782177544097824
6,83,2011,34.44551,-119.8284,WGS84,-119.8284,34.44551,-10.503626470315222,-202.71884684572666,-0.0103115941718346,-0.19901264440077648
6,83,3001,34.605819,-120.075069,WGS84,-120.075069,34.605819,-33.111743218655924,-184.88067998193463,-0.03250637856912762,-0.18150060339391735
6,83,9001,34.39424,-119.514721,WGS84,-119.514721,34.39424,18.33959476003694,-208.39373526117282,0.018004301559643138,-0.20458378180516765
6,85,2,36.999571,-121.574684,WGS84,-121.574684,36.999571,-165.60647242263474,82.25825770479992,-0.16257877607104965,0.08075437308545379
6,85,5,37.348497,-121.894898,WGS84,-121.894898,37.348497,-193.21932177095337,121.57658169844302,-0.18968679416485418,0.11935386076572993
6,85,6,37.338135,-121.849783,WGS84,-121.849783,37.338135,-189.24853943420868,120.33682573748612,-0.18578860756074014,0.11813677061333072
6,85,1001,37.226862,-121.979675,WGS84,-121.979675,37.226862,-201.05020267508888,108.25260686033505,-0.19737450717708122,0.10627348117734746
6,85,2006,37.079379,-121.600031,WGS84,-121.600031,37.079379,-167.6877113588032,91.15843979877135,-0.16462196480639182,0.08949183781421506
6,87,7,36.98332,-121.98822,NAD83,-121.98822,36.98332,-202.4514657444551,81.245338629016,-0.1987501516880622,0.07975997267832659
6,87,1005,37.06315,-122.083092,NAD83,-122.083092,37.06315,-210.67645962841215,90.30729382168522,-0.20682477231903,0.08865625289299704
6,89,4,40.55013,-122.38092,NAD83,-122.38092,40.55013,-226.0674393650397,478.02900017801716,-0.22193436683855694,0.4692894464720653
6,89,9,40.689253,-122.402194,WGS84,-122.402194,40.689253,-227.41192000000757,493.52660083119014,-0.22325426703863166,0.48450371261379366
6,89,3003,40.53999,-121.57646,WGS84,-121.57646,40.53999,-157.90681352319402,475.2540248947319,-0.1550198860003706,0.466565204607698
6,93,2001,41.726892,-122.633579,WGS84,-122.633579,41.726892,-243.2344675572034,609.3231292595257,-0.23878753925042043,0.5981831937943987
6,95,4,38.102507,-122.237976,WGS84,-122.237976,38.102507,-221.37844519591656,205.9978074911026,-0.21733109909262713,0.20223165752696573
6,95,5,38.227066,-122.075624,WGS84,-122.075624,38.227066,-206.7935807862889,219.45752822488313,-0.20301288211600982,0.21544530123994587
6,95,3003,38.35655,-121.94986,NAD83,-121.94986,38.35655,-195.44022768617484,233.56332029503034,-0.1918670964210618,0.2292932045056144
6,97,4,38.403765,-122.818294,WGS84,-122.818294,38.403765,-271.15859530805056,240.93111281655655,-0.2662011448068411,0.23652629553745652
6,99,5,37.642165,-120.994212,NAD83,-120.994212,37.642165,-112.98464347900494,152.7304366281729,-0.11091900445027475,0.1499381460915144
6,99,6,37.488317,-120.836008,NAD83,-120.836008,37.488317,-99.22360228478658,135.48053983635256,-0.09740954916093224,0.1330036201231757
6,101,3,39.138773,-121.618549,WGS84,-121.618549,39.138773,-164.70772031744193,319.76133228174893,-0.1616964553796178,0.3139153034100228
6,101,4,39.205572,-121.820362,WGS84,-121.820362,39.205572,-181.99038132007297,327.5461268605473,-0.17866314654787058,0.32155777266904795
6,103,4,40.262072,-122.092766,WGS84,-122.092766,40.262072,-202.48325598567163,445.389239071612,-0.19878136072495778,0.43724642101356564
6,103,7,40.17093,-122.25556,WGS84,-122.25556,40.17093,-216.62003369804668,435.63393094438214,-0.2126596831385949,0.4276694640726954
6,107,6,36.566128,-118.7777,NAD83,-118.7777,36.566128,83.82298318036148,32.96363104240758,0.0822904915051178,0.03236097425018154
6,107,9,36.48947,-118.82915,WGS84,-118.82915,36.48947,79.29567905126274,24.41370998068402,0.077845957704942,0.02396736691476487
6,107,2003,36.30815,-119.3129,WGS84,-119.3129,36.30815,36.034545421435006,4.005009651401745,0.03537574471088624,0.003931788158713548
6,107,2010,36.031831,-119.055018,WGS84,-119.055018,36.031831,59.403326814586215,-26.528847540960033,0.05831728691990419,-0.02604383452343413
6,109,5,37.98178,-120.378551,NAD83,-120.378551,37.98178,-58.380767498361685,189.8734267260913,-0.05731342251980052,0.1864020703657286
6,111,7,34.210169,-118.870509,NAD83,-118.870509,34.210169,77.76058036622966,-228.49777941696897,0.07633892442472073,-0.22432027425690196
6,111,9,34.404281,-118.80998,NAD83,-118.80998,34.404281,83.14494721346028,-206.91610746818543,0.08162485171448434,-0.2031331687067896
6,111,1004,34.44806,-119.2313,NAD83,-119.2313,34.44806,44.37739470753553,-202.33305727570817,0.04356606605544057,-0.1986339080192991
6,111,2002,34.276316,-118.683685,NAD83,-118.683685,34.276316,94.90502448395954,-220.9965359947833,0.0931699256549484,-0.2169561721372841
6,111,3001,34.25239,-119.143182,NAD83,-119.143182,34.25239,52.600477336277265,-223.99493517775997,0.05163881037367059,-0.21989975315926688
6,113,4,38.53445,-121.7734,WGS84,-121.7734,38.53445,-179.58284570489664,252.9613295762484,-0.17629962664471172,0.24833657014839502
6,113,1003,38.66121,-121.73269,WGS84,-121.73269,38.66121,-175.72907672314335,266.9552002902242,-0.17251631410173895,0.2620745982573962
8,1,10,39.8281,-104.93647,WGS84,-104.93647,39.8281,91.15960328440548,46.91082930437267,0.169041926672153,0.08698915617984272
8,1,3001,39.838119,-104.94984,WGS84,-104.94984,39.838119,90.00206011100384,48.00975374580718,0.16689543501150442,0.08902694812006925
8,3,1,37.469391,-105.878691,WGS84,-105.878691,37.469391,10.851747313495217,-215.45882948880498,0.02012295147785488,-0.3995363553929054
8,5,2,39.567887,-104.957193,WGS84,-104.957193,39.567887,89.72129189048331,17.999883489191628,0.16637479210351558,0.03337810691644096
8,5,5,39.604399,-105.019526,WGS84,-105.019526,39.604399,84.32115705343402,21.993379241178772,0.15636104517773902,0.04078345085992923
8,5,6,39.638522,-104.569335,WGS84,-104.569335,39.638522,122.92189516360888,26.29951184264897,0.2279403731477567,0.04876853334418809
8,7,7004,37.205862,-107.254118,NAD83,-107.254118,37.205862,-111.2344764291022,-243.95356803807744,-0.2062677933040136,-0.45237561018167965
8,13,3,40.164576,-105.100856,WGS84,-105.100856,40.164576,76.7117572486212,84.11663743475705,0.1422505449399181,0.15598179396187373
8,13,14,40.070016,-105.220238,NAD83,-105.220238,40.070016,66.63372629931646,73.52193795069566,0.12356233538927942,0.1363354994545283
8,13,1001,40.012969,-105.267212,WGS84,-105.267212,40.012969,62.67857728039516,67.15401156128748,0.11622809975918309,0.12452712702871113
8,15,1,38.91,-106.001,WGS84,-106.001,38.91,0.029456967561109246,-55.55838245090377,5.462356538469982e-05,-0.10302475739158608
8,19,4,39.643,-105.592,WGS84,-105.592,39.643,35.13641583458332,25.89965503162691,0.06515525753772093,0.048027058356443005
8,19,6,39.794391,-105.76398,WGS84,-105.76398,39.794391,20.32984228077657,42.65547265871911,0.03769866897469662,0.07909823015404371
8,31,2,39.751184,-104.987625,WGS84,-104.987625,39.751184,86.87704327004975,38.32049624566792,0.16110055604488904,0.07105966111097428
8,31,13,39.738578,-104.939925,WGS84,-104.939925,39.738578,90.98136716959912,36.96801874812797,0.16871141430522854,0.0685516927376192
8,31,26,39.77949,-105.00518,WGS84,-105.00518,39.77949,85.33774717466756,41.44642258880796,0.15824616036624042,0.07685622661412873
8,31,27,39.73217,-105.0153,WGS84,-105.0153,39.73217,84.52852001567493,36.183100926791624,0.1567455689513703,0.06709617937405125
8,31,28,39.7861,-104.9886,WGS84,-104.9886,39.7861,86.74976285405087,42.19616033125737,0.1608645334430688,0.07824650375352211
8,35,4,39.534488,-105.070358,WGS84,-105.070358,39.534488,80.03596118259972,14.185295643746999,0.1484147867466506,0.026304521077740343
8,41,13,38.958341,-104.817215,WGS84,-104.817215,38.958341,102.63472411411715,-49.52065001148936,0.19032083162524258,-0.09182868053827481
8,41,16,38.853097,-104.901289,WGS84,-104.901289,38.853097,95.48932689531384,-61.29567649124301,0.1770707551748662,-0.11366371591620611
8,41,17,38.848014,-104.828564,WGS84,-104.828564,38.848014,101.80911755187257,-61.78074876351823,0.1887898670430517,-0.11456321030326287
8,45,12,39.54182,-107.784125,WGS84,-107.784125,39.54182,-153.2416685758105,16.10126939129916,-0.28416388366338946,0.029857409441339532
8,45,15,40.085,-107.312,WGS84,-107.312,40.085,-111.78203262845739,75.71160414798278,-0.20728315484098198,0.14039590976153127
8,45,16,39.426,-107.38,WGS84,-107.38,39.426,-118.70432400572815,2.634091551930359,-0.2201195146894244,0.004884531030482461
8,45,19,39.43806,-108.02611,WGS84,-108.02611,39.43806,-174.29727584189186,5.022031719296263,-0.32320837586467854,0.009312610926903091
8,45,21,39.4125,-107.23056,WGS84,-107.23056,39.4125,-105.85862147817821,0.9494061705152764,-0.19629906981605516,0.001760532543758751
8,45,22,39.598,-108.805,NAD83,-108.805,39.598,-240.77493669448992,24.569308336592837,-0.44648131109369266,0.04556012826495409
8,47,3,39.792519,-105.49127,NAD83,-105.49127,39.792519,43.68844143515082,42.5446115258881,0.08101371712271138,0.07889265467091722
8,49,3,40.058,-106.37,NAD83,-106.37,40.058,-31.45525924364989,71.96256187605854,-0.058329100116084456,0.13344386844072584
8,51,8,39.09,-107.234,WGS84,-107.234,39.09,-106.64278932730242,-34.84892392472548,-0.19775319246769457,-0.06462214654782987
8,51,9991,38.9564,-106.9858,WGS84,-106.9858,38.9564,-85.33178987845398,-49.94339106458909,-0.15823511344640512,-0.09261259094951745
8,57,5,40.5506,-106.385,WGS84,-106.385,40.5506,-32.49962129181627,126.66620298385273,-0.06026571421273137,0.23488363513204735
8,59,6,39.912799,-105.188587,WGS84,-105.188587,39.912799,69.49222115385162,56.089755302732016,0.12886298897029078,0.10401010931741757
8,59,11,39.743724,-105.177989,WGS84,-105.177989,39.743724,70.57063039608293,37.32577898949397,0.13086273852469701,0.0692151058977064
8,59,14,39.620408,-105.33872,WGS84,-105.33872,39.620408,56.89532580293268,23.52068601324005,0.10550392000239085,0.04361561412157905
8,67,1004,37.30389,-107.484167,WGS84,-107.484167,37.30389,-131.4856595041158,-232.77007132757933,-0.2438206004801327,-0.43163747878617276
8,67,7001,37.13678,-107.62863,WGS84,-107.62863,37.13678,-144.61830220129605,-251.09745109016575,-0.268173133223198,-0.46562287883507597
8,67,7003,37.10258,-107.870219,WGS84,-107.870219,37.10258,-166.16178330575534,-254.48339084764922,-0.3081223148992213,-0.47190160054490116
8,69,6,40.829,-105.752,NAD83,-105.752,40.829,21.03447109492138,157.54165348277493,0.039005298315328354,0.292137566162497
8,69,7,40.27813,-105.54564,WGS84,-105.54564,40.27813,38.75691442535512,96.43923684917878,0.07186893371935671,0.17883222190992223
8,69,9,40.571288,-105.079693,WGS84,-105.079693,40.571288,78.04709080958709,129.2956800431526,0.14472672243261103,0.23975960927223228
8,69,11,40.592543,-105.141122,WGS84,-105.141122,40.592543,72.82244240517181,131.6041243295406,0.135038388997114,0.244040275880323
8,69,15,40.48346,-105.01618,WGS84,-105.01618,40.48346,83.5334497737243,119.60043798348443,0.154900359178477,0.22178122478753845
8,69,16,40.515109,-104.949932,WGS84,-104.949932,40.515109,89.1089089598054,123.17861384906274,0.16523921903459854,0.22841641976970692
8,69,1004,40.57747,-105.07892,WGS84,-105.07892,40.57747,78.10541560721667,129.98281951568464,0.1448348770955192,0.24103380722992757
8,77,17,39.063798,-108.561173,WGS84,-108.561173,39.063798,-221.52173865375897,-35.349975836790186,-0.410779118739347,-0.06555127280032062
8,77,20,39.130575,-108.313835,WGS84,-108.313835,39.130575,-199.93348441923953,-28.514254774545197,-0.37074691195246523,-0.05287544472601194
8,77,21,38.93,-108.23,WGS84,-108.23,38.93,-193.23372958249192,-50.95997667500685,-0.35832321302190356,-0.09449769777338185
8,83,6,37.350054,-108.592334,WGS84,-108.592334,37.350054,-229.58627940192838,-225.46260027633448,-0.4257336101662514,-0.41808686051779853
8,83,101,37.1984,-108.49046,WGS84,-108.49046,37.1984,-221.0117313059213,-242.54115187966073,-0.40983338596310337,-0.4497564944760447
8,83,8001,37.20006,-108.7331,WGS84,-108.7331,37.20006,-242.544602312321,-241.74342404765153,-0.44976289279025106,-0.44827722685283966
8,93,1,39.417,-105.755,WGS84,-105.755,39.417,21.21366483544568,0.7570036390244224,0.03933758645672485,0.0014037506639787037
8,97,8,39.19296,-106.82323,WGS84,-106.82323,39.19296,-71.00281555146407,-23.822343553714383,-0.13166416161905603,-0.04417499316667947
8,99,2,38.084688,-102.618641,WGS84,-102.618641,38.084688,296.72754797027864,-141.66247385145357,0.550237107209749,-0.2626919891509638
8,101,15,38.276099,-104.597613,WGS84,-104.597613,38.276099,122.83223644183249,-124.97864451242131,0.2277741143826241,-0.23175430892718574
8,101,16,38.30333,-104.7225,WGS84,-104.7225,38.30333,111.86267147959155,-122.11721521233646,0.20743268759747963,-0.2264482138533249
8,103,6,40.086944,-108.761389,WGS84,-108.761389,40.086944,-235.36028406200484,78.72879782264144,-0.43644064307542474,0.14599084670214194
8,103,7,39.8723,-108.2183,WGS84,-108.2183,39.8723,-189.64976271759016,53.61631887835966,-0.35167727949275024,0.09942348932772185
8,113,8,38.132,-108.285,WGS84,-108.285,38.132,-200.2152011528165,-139.41077399580337,-0.37126931373685057,-0.2585165466504189
8,123,6,40.414877,-104.70693,WGS84,-104.70693,40.414877,109.86453074932152,112.31887087130605,0.2037274327846306,0.20827864152162612
8,123,8,40.209387,-104.82405,WGS84,-104.82405,40.209387,100.2259018136429,89.365057265714,0.18585402891864644,0.16571420797251116
8,123,9,40.386368,-104.73744,WGS84,-104.73744,40.386368,107.3200910764107,109.11636317561356,0.19900914783040585,0.2023400672896465
8,123,11,40.65,-104.33,WGS84,-104.33,40.65,141.36236808883774,138.9551137001402,0.2621354876471154,0.2576715923997231
8,123,12,40.813,-104.036,WGS84,-104.036,40.813,165.8236612050029,157.55918974982796,0.3074953177502396,0.2921700845616834
8,123,13,40.181625,-104.72613,NAD83,-104.72613,40.181625,108.60560096968996,86.39648587886474,0.20139293474134795,0.160209433833343
8,123,15,40.2614,-104.70645,WGS84,-104.70645,40.2614,110.1530093451223,95.27813000032654,0.204262373436859,0.1766791219431545
48,13,1090,29.162997,-98.589158,NAD83,-98.589158,29.162997,-120.85155819127226,-156.07844940782218,-0.09943826062178213,-0.12842341267205526
48,27,1045,31.122419,-97.431052,WGS84,-97.431052,31.122419,-8.01477363035748,60.47896420114835,-0.006594661757018458,0.049762891719202826
48,27,1047,31.088002,-97.679734,WGS84,-97.679734,31.088002,-31.74626941162384,56.70722598432153,-0.02612125038988815,0.04665945562441653
48,29,32,29.51509,-98.620166,WGS84,-98.620166,29.51509,-123.43791831595726,-117.0187360106026,-0.10156635194298104,-0.09628456383356891
48,29,52,29.632058,-98.564936,WGS84,-98.564936,29.632058,-117.94584616729497,-104.11198503434248,-0.09704740233367637,-0.08566471840860126
48,29,59,29.275381,-98.311692,WGS84,-98.311692,29.275381,-93.75278401372132,-143.88266202648515,-0.077141030784387,-0.11838855749713197
48,29,677,29.423937,-98.580511,NAD83,-98.580511,29.423937,-119.70154290340153,-127.16479762377897,-0.09849201283130406,-0.10463287753407487
48,29,1069,29.529432,-98.391403,NAD83,-98.391403,29.529432,-101.24435215954513,-115.65481619452112,-0.08330519214812578,-0.0951623125678958
48,29,1087,29.635,-98.4177,NAD83,-98.4177,29.635,-103.68450987493328,-103.92939660116087,-0.08531298619308947,-0.08551448223062415
48,37,1031,33.436111,-94.07778,WGS84,-94.07778,33.436111,304.0887432127683,321.58407685713655,0.25020824019400345,0.2646036321329331
48,39,1004,29.520443,-95.392509,WGS84,-95.392509,29.520443,189.4855607515534,-115.48863337515145,0.15591122577216593,-0.09502557514596542
48,39,1012,28.964394,-95.354974,WGS84,-95.354974,28.964394,194.18562720043462,-177.057996467846,0.1597785026155794,-0.14568566149618548
48,39,1016,29.043759,-95.472946,WGS84,-95.472946,29.043759,182.54488918941544,-168.45574762595064,0.15020034940436822,-0.13860761736439214
48,41,1086,30.628333,-96.362777,NAD83,-96.362777,30.628333,94.36129614758404,6.11047307562583,0.0776417226171128,0.005027778071796057
48,43,101,29.30265,-103.17781,WGS84,-103.17781,29.30265,-566.2850030991538,-126.77017163560758,-0.46594679098185604,-0.10430817405116398
48,61,1023,26.200335,-97.712684,WGS84,-97.712684,26.200335,-36.58193745815962,-484.9846081733979,-0.030100102021497283,-0.39905175065075865
48,61,1098,25.900911,-97.507783,WGS84,-97.507783,25.900911,-16.125986087082275,-518.2032683754543,-0.013268674655998977,-0.42638450365879604
48,61,2004,26.0711,-97.1577,NAD83,-97.1577,26.0711,18.96280572694863,-499.3441551205307,0.015602847379196788,-0.41086697581715476
48,85,5,33.1324,-96.786419,WGS84,-96.786419,33.1324,52.32908718420965,283.49443349669576,0.043057065108649865,0.23326296975213326
48,113,50,32.774262,-96.797686,WGS84,-96.797686,32.774262,51.48017974928096,243.77038132006936,0.04235857284242186,0.20057749417853063
48,113,69,32.820061,-96.860117,WGS84,-96.860117,32.820061,45.60671185487682,248.822027371409,0.037525805768677936,0.20473405536930214
48,113,75,32.919206,-96.808498,WGS84,-96.808498,32.919206,50.38667069780631,259.83989904182874,0.04145881913067645,0.2137997059166169
48,113,87,32.676451,-96.87206,WGS84,-96.87206,32.676451,44.55809953392941,232.8908160720104,0.03666299368067367,0.19162564398495738
48,113,1067,32.92118,-96.75355,WGS84,-96.75355,32.92118,55.52656164905234,260.085252681154,0.0456879893923343,0.21400158613642434
48,121,34,33.219069,-97.196284,WGS84,-97.196284,33.219069,14.057279962129396,292.98282779117324,0.011566515892953775,0.24107014608363894
48,121,1032,33.410648,-96.94459,WGS84,-96.94459,33.410648,37.44877515997954,314.2899865021208,0.030813347548492735,0.25860195810757275
48,135,1014,31.870259,-102.334745,NAD83,-102.334745,31.870259,-471.84731994997253,153.98218195147462,-0.38824221612943394,0.126698576080976
48,139,1044,32.175417,-96.870189,WGS84,-96.870189,32.175417,44.97741397908434,177.32981849654365,0.0370080111525527,0.14590932025687434
48,141,29,31.785769,-106.323578,WGS84,-106.323578,31.785769,-849.3169904582935,168.34419251881772,-0.6988292539350861,0.13851582834666828
48,141,44,31.765685,-106.455227,WGS84,-106.455227,31.765685,-861.9295731993624,167.1328684133567,-0.7092070538450815,0.13751913485012568
48,141,55,31.746775,-106.402806,WGS84,-106.402806,31.746775,-857.152856017072,164.63074895428713,-0.7052767077643354,0.13546035786287322
48,141,57,31.6675,-106.288,WGS84,-106.288,31.6675,-847.024742126919,154.9621991319245,-0.6969431616877333,0.12750494718004918
48,141,58,31.893913,-106.425827,WGS84,-106.425827,31.893913,-857.9770384505428,181.11902736339476,-0.7059548559723183,0.14902713143359048
48,141,1021,31.86247,-106.5473,WGS84,-106.5473,31.86247,-869.7227949047909,178.58011911280263,-0.7156194197477307,0.1469380841420562
48,167,1034,29.254474,-94.861289,WGS84,-94.861289,29.254474,241.61427977936805,-143.9645110946427,0.19880342531140063,-0.11845590399305564
48,183,1,32.378696,-94.711813,NAD83,-94.711813,32.378696,247.99739437652028,202.72819110388755,0.20405553643342475,0.16680743719055063
48,201,24,29.901036,-95.326137,WGS84,-95.326137,29.901036,195.17539575138542,-73.18847220759702,0.1605928972712852,-0.06022044301961411
48,201,26,29.802707,-95.125495,WGS84,-95.125495,29.802707,214.7627908743721,-83.72563878480699,0.17670966506718472,-0.06889056305779669
48,201,29,30.039524,-95.673951,WGS84,-95.673951,30.039524,161.36120578961652,-58.38408880714701,0.13277013449969477,-0.048039200535435304
48,201,46,29.828086,-95.284096,WGS84,-95.284096,29.828086,199.38128042822458,-81.20184465433702,0.16405355481596298,-0.06681395186421821
48,201,47,29.834167,-95.489167,WGS84,-95.489167,29.834167,179.5521489769231,-80.87024838310187,0.14773788317160272,-0.06654111006611656
48,201,51,29.623889,-95.474167,WGS84,-95.474167,29.623889,181.38283113005158,-104.15526142899178,0.14924419266221203,-0.08570032679854934
48,201,55,29.695729,-95.499219,WGS84,-95.499219,29.695729,178.82851165252615,-96.23174007943548,0.14714246480930784,-0.07918074862519706
48,201,58,29.770698,-95.031232,WGS84,-95.031232,29.770698,223.94610894164063,-87.0916075299972,0.18426582064360258,-0.0716601266640785
48,201,62,29.625556,-95.267222,WGS84,-95.267222,29.625556,201.41961682262482,-103.62205675812449,0.1657307249629994,-0.08526159894249194
48,201,66,29.723333,-95.635833,WGS84,-95.635833,29.723333,165.56250327365447,-93.37900486144804,0.13622701764145945,-0.07683348035380079
48,201,416,29.686389,-95.294722,WGS84,-95.294722,29.686389,198.63600119439886,-96.92732943801914,0.1634403292043257,-0.0797530887502214
48,201,417,29.772915,-95.395784,WGS84,-95.395784,29.772915,188.69210343977858,-87.50845854942078,0.15525835860072534,-0.07200311719668126
48,201,1015,29.758889,-95.079444,NAD83,-95.079444,29.758889,219.31038029184305,-88.4947421817068,0.18045148179229165,-0.07281464441521354
48,201,1017,29.827158,-94.988423,WGS84,-94.988423,29.827158,227.95625045583006,-80.7478445026579,0.18756541812489508,-0.0664403945342122
48,201,1034,29.767997,-95.220582,WGS84,-95.220582,29.767997,205.64301788918323,-87.7493017891773,0.16920579522483303,-0.07220128620006307
48,201,1035,29.733726,-95.257593,WGS84,-95.257593,29.733726,202.13351438250814,-91.6146406931926,0.16631812931822149,-0.07538173817835411
48,201,1039,29.670025,-95.128508,WGS84,-95.128508,29.670025,214.75648377338655,-98.43885159175385,0.17670447550106777,-0.08099678917169865
48,201,1050,29.583047,-95.015544,WGS84,-95.015544,29.583047,225.8859825300948,-107.8610817354302,0.1858619742915077,-0.08874952476475091
48,201,1052,29.81453,-95.38769,WGS84,-95.38769,29.81453,189.3957293837562,-82.8820030686049,0.1558373113345143,-0.06819640843146763
48,201,1066,29.7216,-95.49265,WGS84,-95.49265,29.7216,179.41778506119434,-93.35364677151341,0.14762732676446685,-0.07681261538198306
48,203,2,32.669001,-94.167468,NAD83,-94.167468,32.669001,298.2682054881514,236.26654027348292,0.24541902476408467,0.19440323450970678
48,215,43,26.226343,-98.29085,WGS84,-98.29085,26.226343,-94.40102467442917,-481.78138578084713,-0.07767441177450284,-0.39641609689612634
48,215,1046,26.288622,-98.152066,WGS84,-98.152066,26.288622,-80.47500337140985,-474.9845041719371,-0.06621589724246488,-0.3908235328038
48,221,1,32.442304,-97.803529,WGS84,-97.803529,32.442304,-42.93554647126704,206.9174150944601,-0.03532793555868958,0.17025438610219207
48,231,1006,33.153088,-96.115572,WGS84,-96.115572,33.153088,114.920161792669,286.2995646122991,0.09455782920854441,0.23557106873841327
48,245,9,30.036422,-94.071061,WGS84,-94.071061,30.036422,315.9309129041815,-55.348873720977934,0.2599521340562438,-0.045541785414779934
48,245,11,29.897516,-93.991084,WGS84,-93.991084,29.897516,324.09500580761926,-70.52079547943698,0.2666696576862462,-0.058025443321475356
48,245,21,29.922894,-93.909018,WGS84,-93.909018,29.922894,331.93325451541034,-67.47010770797976,0.2731190724020257,-0.055515297070702775
48,245,22,29.863957,-94.317802,WGS84,-94.317802,29.863957,292.64926651107345,-75.1295319577559,0.24079568745025168,-0.06181757265705961
48,245,101,29.727931,-93.894081,NAD83,-93.894081,29.727931,334.0278810808464,-89.03769464054446,0.2748425588463584,-0.07326139288015006
48,245,102,29.9425,-94.000556,WGS84,-94.000556,29.9425,323.0342450571484,-65.56134881620818,0.2657968497097389,-0.053944745006792076
48,245,1035,29.979958,-94.004746,WGS84,-94.004746,29.979958,322.50814588012764,-61.42103228741517,0.2653639683480051,-0.05053803780161742
48,251,3,32.353595,-97.436742,WGS84,-97.436742,32.353595,-8.446278457596916,196.9949518136276,-0.006949709636522679,0.1620900520671449
48,255,1070,28.88044,-97.888065,NAD83,-97.888065,28.88044,-52.78636577326537,-187.92844054602844,-0.04343331998029428,-0.1546300066705357
48,257,5,32.564968,-96.317687,WGS84,-96.317687,32.564968,96.68213406731873,220.88215653779636,0.07955133875593193,0.18174476007784643
48,273,314,27.422433,-97.300869,WGS84,-97.300869,27.422433,4.56627386233666,-349.6313493551622,0.003757190533487521,-0.2876812989345038
48,303,1028,33.58553,-101.78698,NAD83,-101.78698,33.58553,-412.2376806486557,341.98810705722815,-0.3391946164366495,0.28139233807216646
48,309,1037,31.653086,-97.070704,NAD83,-97.070704,31.653086,26.209789947249426,119.34676664269877,0.021565761853825846,0.09820009823125937
48,323,4,28.704607,-100.451156,WGS84,-100.451156,28.704607,-303.3364377382975,-203.43721580539585,-0.24958923329862506,-0.16739083209344693
48,339,78,30.350302,-95.425128,WGS84,-95.425128,30.350302,184.77353866010873,-23.551696016502515,0.15203411166791014,-0.01937864700815332
48,349,1051,32.031934,-96.399141,WGS84,-96.399141,32.031934,89.54596618292123,161.70468288602757,0.07367960542828704,0.1330527519979026
48,355,25,27.76534,-97.434262,WGS84,-97.434262,27.76534,-8.602731343614808,-311.6304852883534,-0.0070784411405902916,-0.2564136853308163
48,355,26,27.832413,-97.555387,NAD83,-97.555387,27.832413,-20.534283104575515,-304.1824684495043,-0.016895879751939354,-0.25028535855852335
48,355,32,27.804489,-97.431553,NAD83,-97.431553,27.804489,-8.33251073005814,-307.29234802025115,-0.006856100045461852,-0.2528442086047002
48,355,34,27.811817,-97.465703,WGS84,-97.465703,27.811817,-11.698108237568151,-306.47733183945934,-0.009625358192469924,-0.2521736025106664
48,361,1001,30.085263,-93.761341,WGS84,-93.761341,30.085263,345.6198451976599,-49.02936515083504,0.28438058025226937,-0.040342010173116255
48,361,1100,30.194167,-93.866944,WGS84,-93.866944,30.194167,335.07422846715326,-37.274852616403294,0.27570350731618143,-0.03067024177910939
48,367,81,32.868773,-97.905931,WGS84,-97.905931,32.868773,-52.32238810415819,254.25626212265846,-0.043051553016972666,0.2092054156029819
48,373,9991,30.7017,-94.6742,WGS84,-94.6742,30.7017,256.033410704827,16.873877928227017,0.2106676769632998,0.01388404995549616
48,375,320,35.201592,-101.909275,WGS84,-101.909275,35.201592,-415.7748290467359,521.6959445483149,-0.34210502892557687,0.4292583238125645
48,375,1025,35.236736,-101.787405,WGS84,-101.787405,35.236736,-404.5071852905069,525.1298503960762,-0.33283386260224346,0.4320837869654675
48,381,9991,34.8803,-101.6649,WGS84,-101.6649,34.8803,-395.0041038664204,485.13859628150027,-0.32501460150622413,0.399178454102955
48,397,1,32.936523,-96.459211,WGS84,-96.459211,32.936523,83.05088489795473,261.97210567513815,0.06833536663451034,0.21555411373787928
48,423,7,32.344027,-95.415754,NAD83,-95.415754,32.344027,181.8264900852539,197.51663596914545,0.14960924111897064,0.16251930069078727
48,439,75,32.987891,-97.477175,WGS84,-97.477175,32.987891,-12.16815492258178,267.34127682652206,-0.010012118822356163,0.2199719387809727
48,439,1002,32.80581,-97.356529,NAD83,-97.356529,32.80581,-0.8903308691992112,247.1408573626209,-0.0007325760158667339,0.2033507664487008
48,439,1006,32.759154,-97.342332,NAD83,-97.342332,32.759154,0.439881958501999,241.96665023483317,0.00036194069391403723,0.19909336038307346
48,439,1053,32.664753,-97.337917,NAD83,-97.337917,32.664753,0.8545769845336749,231.49766715830322,0.0007031572466359247,0.19047934263113525
48,439,2003,32.922492,-97.282099,NAD83,-97.282099,32.922492,6.074543499718665,260.0828823862435,0.004998214741487712,0.21399963582641934
48,439,3009,32.98426,-97.063721,WGS84,-97.063721,32.98426,26.488106981836697,266.9654888636294,0.0217947647912722,0.2196627354744377
48,439,3011,32.65637,-97.088598,NAD83,-97.088598,32.65637,24.2493046475796,230.59635908126657,0.01995264861729482,0.18973773442346084
48,453,14,30.354944,-97.761803,NAD83,-97.761803,30.354944,-39.87719713752908,-24.53688633682776,-0.03281148527313048,-0.02018927463514269
48,453,20,30.483163,-97.875084,NAD83,-97.875084,30.483163,-50.701651016193885,-10.277108764252546,-0.04171798910299061,-0.008456141029813787
48,453,21,30.263204,-97.712891,NAD83,-97.712891,30.263204,-35.20762293014586,-34.72322769982145,-0.028969297849352125,-0.0285707310465914
48,453,1068,30.35386,-97.69166,NAD83,-97.69166,30.35386,-33.13396162869528,-24.679741313504753,-0.02726306190154092,-0.020306817599540738
48,469,3,28.836214,-97.005525,NAD83,-97.005525,28.836214,33.3327734901285,-192.90515833128384,0.027426646930875907,-0.1587249158928731
48,479,16,27.507904,-99.523949,WGS84,-99.523949,27.507904,-215.1812818058112,-338.1442747941908,-0.1770540049410855,-0.2782295820425472
48,479,313,27.599444,-99.533333,WGS84,-99.533333,27.599444,-215.92355428234848,-327.9829442876304,-0.17766475655305453,-0.2698687048945984
48,493,1038,29.1307,-98.1481,NAD83,-98.1481,29.1307,-77.96507281176075,-160.04201305297505,-0.06415069317833566,-0.1316846852666042
