experiment,regime,rep,omega,tpi_1_to_2,B_1,W12,avg_oracle_gain,rho_hat,rho_abs_error,rmse_diff,mlpd_diff
S5,isotopic,0,1.0,0.0,0.0,51.35282003551376,0.0003326126204920649,0.46023874683096483,0.23976125316903513,0.0017405381791191221,0.007042748939321344
S5,isotopic,1,1.0,0.0,0.0,51.35282003551376,0.0003326126204920649,0.6560897782950983,0.043910221704901664,0.0032025800314341435,0.030007006163355113
S5,isotopic,2,1.0,0.0,0.0,51.35282003551376,0.0003326126204920649,0.7302021732690924,0.03020217326909247,-0.003076242938733903,-0.01768222252097335
S5,isotopic,3,1.0,0.0,0.0,51.35282003551376,0.0003326126204920649,0.6866914386847801,0.013308561315219847,-0.003190879924156051,-0.028330443065782644
S5,isotopic,4,1.0,0.0,0.0,51.35282003551376,0.0003326126204920649,0.5992449681514372,0.10075503184856271,0.00407011797913151,0.012170768018774182
S5,isotopic,5,1.0,0.0,0.0,51.35282003551376,0.0003326126204920649,0.8023470121579259,0.10234701215792597,-0.003284139350910681,-0.02319668324817071
S5,isotopic,6,1.0,0.0,0.0,51.35282003551376,0.0003326126204920649,0.5991340919070195,0.10086590809298046,0.0059063691703989535,0.042202831054457365
S5,isotopic,7,1.0,0.0,0.0,51.35282003551376,0.0003326126204920649,0.5543562350636672,0.1456437649363328,0.0005130962599900757,-0.001852029987720484
S5,isotopic,8,1.0,0.0,0.0,51.35282003551376,0.0003326126204920649,0.7802196425740695,0.08021964257406955,0.0006124945261375692,-0.000987866187660083
S5,isotopic,9,1.0,0.0,0.0,51.35282003551376,0.0003326126204920649,0.8820232702478493,0.18202327024784937,0.0014130679885427239,-0.018554174388889517
S5,isotopic,10,1.0,0.0,0.0,51.35282003551376,0.0003326126204920649,0.7592310923785452,0.05923109237854529,-0.0005561328969586055,-0.003951297071438127
S5,isotopic,11,1.0,0.0,0.0,51.35282003551376,0.0003326126204920649,0.7723283944126961,0.07232839441269612,0.002851667489965598,0.01097802795632071
S5,isotopic,12,1.0,0.0,0.0,51.35282003551376,0.0003326126204920649,0.7082192612681996,0.008219261268199607,0.0004105984646094185,-0.003466156151366136
S5,isotopic,13,1.0,0.0,0.0,51.35282003551376,0.0003326126204920649,0.14709122453188375,0.5529087754681162,0.00011161171974258255,9.97488146841627e-05
S5,isotopic,14,1.0,0.0,0.0,51.35282003551376,0.0003326126204920649,0.682822471883264,0.017177528116736007,0.0024145440759418824,0.006986722143976137
S5,isotopic,15,1.0,0.0,0.0,51.35282003551376,0.0003326126204920649,0.6230718190159075,0.07692818098409249,0.004323406057429202,0.02306298820424994
S5,isotopic,16,1.0,0.0,0.0,51.35282003551376,0.0003326126204920649,0.8338007463229112,0.13380074632291128,-0.0029356942027562866,-0.002214706654225067
S5,isotopic,17,1.0,0.0,0.0,51.35282003551376,0.0003326126204920649,0.630281492748016,0.06971850725198392,0.0052490161078766195,0.022948434551066675
S5,isotopic,18,1.0,0.0,0.0,51.35282003551376,0.0003326126204920649,0.7073851380778304,0.007385138077830478,0.00036299426743115204,-0.005036986304744461
S5,isotopic,19,1.0,0.0,0.0,51.35282003551376,0.0003326126204920649,0.6151942091470936,0.0848057908529064,0.005147102906244733,0.028482955986424655
S5,isotopic,20,1.0,0.0,0.0,51.35282003551376,0.0003326126204920649,0.8517163217462203,0.1517163217462203,0.007550775120957781,0.042653663394173466
S5,isotopic,21,1.0,0.0,0.0,51.35282003551376,0.0003326126204920649,0.6407383301904731,0.05926166980952685,0.0019241113747486271,0.016973254277985364
S5,isotopic,22,1.0,0.0,0.0,51.35282003551376,0.0003326126204920649,0.7384840967239346,0.0384840967239346,-0.00046480512782171024,0.0029153314462603283
S5,isotopic,23,1.0,0.0,0.0,51.35282003551376,0.0003326126204920649,0.6974746656545364,0.002525334345463537,0.006429458504946597,0.038259014299176865
S5,isotopic,24,1.0,0.0,0.0,51.35282003551376,0.0003326126204920649,0.5608203940426011,0.13917960595739887,0.0014488532311552754,0.004973300411694962
S5,isotopic,25,1.0,0.0,0.0,51.35282003551376,0.0003326126204920649,0.6958829162176451,0.004117083782354869,0.0011295970240797065,0.000282104311099531
S5,isotopic,26,1.0,0.0,0.0,51.35282003551376,0.0003326126204920649,0.7634201929938778,0.0634201929938778,-0.0008425919918039898,-0.01327592176015917
S5,isotopic,27,1.0,0.0,0.0,51.35282003551376,0.0003326126204920649,0.3842594513798537,0.3157405486201463,0.003107689620336168,0.01721171154850193
S5,isotopic,28,1.0,0.0,0.0,51.35282003551376,0.0003326126204920649,0.6697637785868854,0.03023622141311455,0.002266525424203636,0.027953726208321216
S5,isotopic,29,1.0,0.0,0.0,51.35282003551376,0.0003326126204920649,0.7194175376489605,0.019417537648960592,0.0027223082239500873,0.007478209459861868
S5,isotopic,30,1.0,0.0,0.0,51.35282003551376,0.0003326126204920649,0.6796191946405379,0.020380805359462073,-0.002769369916842679,-0.02882068767648697
S5,isotopic,31,1.0,0.0,0.0,51.35282003551376,0.0003326126204920649,0.6898887055484768,0.010111294451523145,0.003012306473484744,0.027906427210420116
S5,isotopic,32,1.0,0.0,0.0,51.35282003551376,0.0003326126204920649,0.8371127417004044,0.13711274170040444,0.003577037133749808,0.010775695112682325
S5,isotopic,33,1.0,0.0,0.0,51.35282003551376,0.0003326126204920649,0.8318113481363678,0.13181134813636786,0.0006762431008485864,0.014629311760031728
S5,isotopic,34,1.0,0.0,0.0,51.35282003551376,0.0003326126204920649,0.5666223124316936,0.13337768756830637,-0.0011493507705502837,0.0029952847413337353
S5,isotopic,35,1.0,0.0,0.0,51.35282003551376,0.0003326126204920649,0.5585942218798402,0.14140577812015975,0.004903756380460839,0.022622664216157697
S5,isotopic,36,1.0,0.0,0.0,51.35282003551376,0.0003326126204920649,0.6080846181233535,0.0919153818766465,0.0014534808027361484,0.011326346083730295
S5,isotopic,37,1.0,0.0,0.0,51.35282003551376,0.0003326126204920649,0.8175234437707852,0.11752344377078527,0.0022392683975945016,0.0005938768818523251
S5,isotopic,38,1.0,0.0,0.0,51.35282003551376,0.0003326126204920649,0.5602615601456976,0.13973843985430234,0.0010697303761748322,0.005073235899753654
S5,isotopic,39,1.0,0.0,0.0,51.35282003551376,0.0003326126204920649,0.7868339206108909,0.0868339206108909,0.006317853528503656,0.031195305273861797
S5,isotopic,40,1.0,0.0,0.0,51.35282003551376,0.0003326126204920649,0.8264450762896677,0.12644507628966772,0.0033217883469564002,0.020120852348872127
S5,isotopic,41,1.0,0.0,0.0,51.35282003551376,0.0003326126204920649,0.6622196781294305,0.037780321870569455,-0.0026085513802576177,-0.016273777920551128
S5,isotopic,42,1.0,0.0,0.0,51.35282003551376,0.0003326126204920649,0.7070580732965698,0.007058073296569822,0.002774674805307298,0.019069247626675633
S5,isotopic,43,1.0,0.0,0.0,51.35282003551376,0.0003326126204920649,0.6858061451475921,0.014193854852407872,-0.0052366161400943245,-0.017133488506108595
S5,isotopic,44,1.0,0.0,0.0,51.35282003551376,0.0003326126204920649,0.7358189873809964,0.035818987380996425,0.0009314596600625835,0.00962616221618483
S5,isotopic,45,1.0,0.0,0.0,51.35282003551376,0.0003326126204920649,0.8944861083445262,0.1944861083445263,0.005699592707431034,0.009795999541319654
S5,isotopic,46,1.0,0.0,0.0,51.35282003551376,0.0003326126204920649,0.7591649357142756,0.05916493571427561,0.0002655664903873367,-0.013207617923821953
S5,isotopic,47,1.0,0.0,0.0,51.35282003551376,0.0003326126204920649,0.8380933519229051,0.13809335192290517,0.0018631985632128756,0.00387182287998641
S5,isotopic,48,1.0,0.0,0.0,51.35282003551376,0.0003326126204920649,0.8026180140125175,0.10261801401251758,0.003613894292138431,0.019770343623673296
S5,isotopic,49,1.0,0.0,0.0,51.35282003551376,0.0003326126204920649,0.6333214523700297,0.06667854762997028,0.0022192532147626842,0.007838676518337799
S5,isotopic,50,1.0,0.0,0.0,51.35282003551376,0.0003326126204920649,0.864200023230734,0.16420002323073402,-0.003134706293034778,-0.04055038782248401
S5,isotopic,51,1.0,0.0,0.0,51.35282003551376,0.0003326126204920649,0.7726482939061856,0.07264829390618566,0.004339173527756451,0.03024201067718847
S5,isotopic,52,1.0,0.0,0.0,51.35282003551376,0.0003326126204920649,0.704997195506502,0.004997195506502017,0.0018578368798597145,-0.0035051247248645543
S5,isotopic,53,1.0,0.0,0.0,51.35282003551376,0.0003326126204920649,0.7292631785577466,0.029263178557746627,0.0022283944061020633,0.006551024602971082
S5,isotopic,54,1.0,0.0,0.0,51.35282003551376,0.0003326126204920649,0.8386222889552164,0.13862228895521644,0.0015335745341483048,0.018751536766984465
S5,isotopic,55,1.0,0.0,0.0,51.35282003551376,0.0003326126204920649,0.5648112596018109,0.13518874039818907,0.00653181803063585,0.042034977705112476
S5,isotopic,56,1.0,0.0,0.0,51.35282003551376,0.0003326126204920649,0.5047191498343104,0.19528085016568952,-0.0006371700520830526,0.003938775095249222
S5,isotopic,57,1.0,0.0,0.0,51.35282003551376,0.0003326126204920649,0.5909667165368969,0.10903328346310304,0.0007265001915492536,0.0070185593634657815
S5,isotopic,58,1.0,0.0,0.0,51.35282003551376,0.0003326126204920649,0.6441508893632755,0.055849110636724486,0.0005423279790694735,-0.0018883873227632964
S5,isotopic,59,1.0,0.0,0.0,51.35282003551376,0.0003326126204920649,0.5637577338721871,0.13624226612781287,0.0045863288192148355,0.03570377659461232
S5,isotopic,60,1.0,0.0,0.0,51.35282003551376,0.0003326126204920649,0.7367156400711795,0.036715640071179556,-0.000490204325987495,0.004643908623674823
S5,isotopic,61,1.0,0.0,0.0,51.35282003551376,0.0003326126204920649,0.7075561564441313,0.007556156444131323,0.0020250175885288546,0.011057789118011536
S5,isotopic,62,1.0,0.0,0.0,51.35282003551376,0.0003326126204920649,0.6772743890690156,0.022725610930984352,0.001412785472357861,0.013644959980274374
S5,isotopic,63,1.0,0.0,0.0,51.35282003551376,0.0003326126204920649,0.8264138865485026,0.1264138865485026,-0.0068956702663011266,-0.029814751041466168
S5,isotopic,64,1.0,0.0,0.0,51.35282003551376,0.0003326126204920649,0.8023806714813966,0.10238067148139662,0.004104284753843862,0.016364786015810318
S5,isotopic,65,1.0,0.0,0.0,51.35282003551376,0.0003326126204920649,0.7412070680387735,0.0412070680387735,0.003874892417180545,0.008443744129307077
S5,isotopic,66,1.0,0.0,0.0,51.35282003551376,0.0003326126204920649,0.7615444831983291,0.06154448319832917,0.008935457509215497,0.04175973109615176
S5,isotopic,67,1.0,0.0,0.0,51.35282003551376,0.0003326126204920649,0.8910691751304585,0.1910691751304585,-0.003103630258062512,-0.017385301021866403
S5,isotopic,68,1.0,0.0,0.0,51.35282003551376,0.0003326126204920649,0.7852997222317774,0.0852997222317774,-0.008131673248468668,-0.05089190716107983
S5,isotopic,69,1.0,0.0,0.0,51.35282003551376,0.0003326126204920649,0.7694325925223713,0.06943259252237133,0.0039675859873748165,0.01672231512604827
S5,isotopic,70,1.0,0.0,0.0,51.35282003551376,0.0003326126204920649,0.7165652983979015,0.01656529839790155,-0.004954837959626757,-0.0454058342446241
S5,isotopic,71,1.0,0.0,0.0,51.35282003551376,0.0003326126204920649,0.5726397479306303,0.12736025206936963,-0.00010547575837463463,-0.005139927058886159
S5,isotopic,72,1.0,0.0,0.0,51.35282003551376,0.0003326126204920649,0.8271135354477392,0.1271135354477393,0.007677084820347804,0.04794940448384781
S5,isotopic,73,1.0,0.0,0.0,51.35282003551376,0.0003326126204920649,0.6071184555482305,0.09288154445176944,0.0011342912218411938,0.013975949399268125
S5,isotopic,74,1.0,0.0,0.0,51.35282003551376,0.0003326126204920649,0.5441542606240944,0.1558457393759055,0.002179875825939287,0.010431661851936924
S5,isotopic,75,1.0,0.0,0.0,51.35282003551376,0.0003326126204920649,0.6379340845378786,0.06206591546212137,-0.004362506674103386,-0.01260926256931229
S5,isotopic,76,1.0,0.0,0.0,51.35282003551376,0.0003326126204920649,0.6729126302733294,0.027087369726670585,0.004266600209994989,0.011803570245496723
S5,isotopic,77,1.0,0.0,0.0,51.35282003551376,0.0003326126204920649,0.6867897419626311,0.01321025803736886,0.0035032606138395705,0.014213235093486114
S5,isotopic,78,1.0,0.0,0.0,51.35282003551376,0.0003326126204920649,0.8365394625186074,0.1365394625186075,-0.00107498965087649,-0.015190524011928847
S5,isotopic,79,1.0,0.0,0.0,51.35282003551376,0.0003326126204920649,0.6682154638838309,0.03178453611616905,-0.001796833562338701,-0.017711890607200454
S5,interleaved,0,0.0,0.2666666666666666,0.2643766638243256,52.556277151693024,0.0011507961262878323,0.830898529779213,0.130898529779213,0.0075621123701066495,0.034961079710575
S5,interleaved,1,0.0,0.2666666666666666,0.2643766638243256,52.556277151693024,0.0011507961262878323,0.7598571587335881,0.0598571587335881,0.0063536071533900895,0.017995568807197073
S5,interleaved,2,0.0,0.2666666666666666,0.2643766638243256,52.556277151693024,0.0011507961262878323,0.7526597337448708,0.052659733744870874,-0.0011691163878960187,-0.002444575468887746
S5,interleaved,3,0.0,0.2666666666666666,0.2643766638243256,52.556277151693024,0.0011507961262878323,0.7129197515817248,0.01291975158172487,-0.003737696567375118,-0.0026434284822459
S5,interleaved,4,0.0,0.2666666666666666,0.2643766638243256,52.556277151693024,0.0011507961262878323,0.7526366754193393,0.05263667541933936,0.006908272760741602,0.03622300718263265
S5,interleaved,5,0.0,0.2666666666666666,0.2643766638243256,52.556277151693024,0.0011507961262878323,0.8569095628707452,0.1569095628707452,-0.007353490273753538,-0.0434111742856248
S5,interleaved,6,0.0,0.2666666666666666,0.2643766638243256,52.556277151693024,0.0011507961262878323,0.7938577286801166,0.09385772868011666,-0.005266636355516524,-0.015139557289990032
S5,interleaved,7,0.0,0.2666666666666666,0.2643766638243256,52.556277151693024,0.0011507961262878323,0.7324339270713551,0.03243392707135517,0.0029086914483082704,0.026947809807473362
S5,interleaved,8,0.0,0.2666666666666666,0.2643766638243256,52.556277151693024,0.0011507961262878323,0.709775071638246,0.009775071638246091,-0.01027678960938437,-0.07406318987901475
S5,interleaved,9,0.0,0.2666666666666666,0.2643766638243256,52.556277151693024,0.0011507961262878323,0.7305636269491902,0.030563626949190237,0.00015684742867841384,-0.008385292129135554
S5,interleaved,10,0.0,0.2666666666666666,0.2643766638243256,52.556277151693024,0.0011507961262878323,0.7848956109561197,0.08489561095611975,0.010455734211066714,0.07229041345174683
S5,interleaved,11,0.0,0.2666666666666666,0.2643766638243256,52.556277151693024,0.0011507961262878323,0.5296466368881332,0.17035336311186677,0.002531925257376319,0.0075623630848835
S5,interleaved,12,0.0,0.2666666666666666,0.2643766638243256,52.556277151693024,0.0011507961262878323,0.7702142228508897,0.07021422285088974,0.0030839773546451066,-0.02149072153139706
S5,interleaved,13,0.0,0.2666666666666666,0.2643766638243256,52.556277151693024,0.0011507961262878323,0.5190805373585198,0.18091946264148018,0.006057238828062014,0.013817028832610302
S5,interleaved,14,0.0,0.2666666666666666,0.2643766638243256,52.556277151693024,0.0011507961262878323,0.5345966696673936,0.16540333033260635,0.0008530105794564979,0.0024967614161249844
S5,interleaved,15,0.0,0.2666666666666666,0.2643766638243256,52.556277151693024,0.0011507961262878323,0.6164602230316706,0.08353977696832937,-5.396439581466239e-05,-0.0013324350660646582
S5,interleaved,16,0.0,0.2666666666666666,0.2643766638243256,52.556277151693024,0.0011507961262878323,0.541227145491339,0.15877285450866097,0.00733562132848084,0.03252635898693286
S5,interleaved,17,0.0,0.2666666666666666,0.2643766638243256,52.556277151693024,0.0011507961262878323,0.4943662090992583,0.20563379090074163,0.004735528989745941,0.009014872601345283
S5,interleaved,18,0.0,0.2666666666666666,0.2643766638243256,52.556277151693024,0.0011507961262878323,0.40101512605424533,0.2989848739457546,-0.0005679705608338526,-0.013514687635141954
S5,interleaved,19,0.0,0.2666666666666666,0.2643766638243256,52.556277151693024,0.0011507961262878323,0.6553147163132791,0.04468528368672087,0.007788320225738388,0.03617349280725392
S5,interleaved,20,0.0,0.2666666666666666,0.2643766638243256,52.556277151693024,0.0011507961262878323,0.69345260317651,0.006547396823489926,0.019756785163177,0.07488807149890976
S5,interleaved,21,0.0,0.2666666666666666,0.2643766638243256,52.556277151693024,0.0011507961262878323,0.7874861443996988,0.08748614439969882,0.0032467112138201137,0.03449187949755128
S5,interleaved,22,0.0,0.2666666666666666,0.2643766638243256,52.556277151693024,0.0011507961262878323,0.8150569853753606,0.11505698537536069,-0.0028083471822730743,0.014700776605469708
S5,interleaved,23,0.0,0.2666666666666666,0.2643766638243256,52.556277151693024,0.0011507961262878323,0.8090555841057253,0.10905558410572536,-0.008799324860775157,-0.03908637107649494
S5,interleaved,24,0.0,0.2666666666666666,0.2643766638243256,52.556277151693024,0.0011507961262878323,0.9118022438744011,0.21180224387440116,-0.004989516935279839,-0.012804363855062303
S5,interleaved,25,0.0,0.2666666666666666,0.2643766638243256,52.556277151693024,0.0011507961262878323,0.6520169777315372,0.04798302226846274,0.008435696802526593,0.05628679551930458
S5,interleaved,26,0.0,0.2666666666666666,0.2643766638243256,52.556277151693024,0.0011507961262878323,0.8365871099124647,0.1365871099124647,0.009699965514014836,0.05505201850302995
S5,interleaved,27,0.0,0.2666666666666666,0.2643766638243256,52.556277151693024,0.0011507961262878323,0.8188812273013976,0.11888122730139761,-0.013283143316495827,-0.038548202455494736
S5,interleaved,28,0.0,0.2666666666666666,0.2643766638243256,52.556277151693024,0.0011507961262878323,0.781162138211044,0.08116213821104401,0.007772158964750531,0.0401684642000987
S5,interleaved,29,0.0,0.2666666666666666,0.2643766638243256,52.556277151693024,0.0011507961262878323,0.7946993757275519,0.09469937572755194,0.0018237798007931794,0.023077747378235366
S5,interleaved,30,0.0,0.2666666666666666,0.2643766638243256,52.556277151693024,0.0011507961262878323,0.7262186692393593,0.026218669239359338,-0.00906211746798058,-0.044905821513701746
S5,interleaved,31,0.0,0.2666666666666666,0.2643766638243256,52.556277151693024,0.0011507961262878323,0.6855644632797571,0.014435536720242892,0.002414230641773471,0.007059602194099421
S5,interleaved,32,0.0,0.2666666666666666,0.2643766638243256,52.556277151693024,0.0011507961262878323,0.9133038668809829,0.2133038668809829,0.013812551500224882,0.06662490605659463
S5,interleaved,33,0.0,0.2666666666666666,0.2643766638243256,52.556277151693024,0.0011507961262878323,0.6394532250419774,0.06054677495802252,0.01054445237075971,0.039526137180589664
S5,interleaved,34,0.0,0.2666666666666666,0.2643766638243256,52.556277151693024,0.0011507961262878323,0.6607549071317842,0.03924509286821576,0.0054005034182317,0.02298614211105464
S5,interleaved,35,0.0,0.2666666666666666,0.2643766638243256,52.556277151693024,0.0011507961262878323,0.6610330339777042,0.03896696602229577,-0.0009745823778361251,-0.0041874413958009876
S5,interleaved,36,0.0,0.2666666666666666,0.2643766638243256,52.556277151693024,0.0011507961262878323,0.7604299375484185,0.06042993754841852,-0.002380535697977748,0.0015622229937966813
S5,interleaved,37,0.0,0.2666666666666666,0.2643766638243256,52.556277151693024,0.0011507961262878323,0.6320724743838123,0.06792752561618765,0.0029503967407245174,0.027835545441210266
S5,interleaved,38,0.0,0.2666666666666666,0.2643766638243256,52.556277151693024,0.0011507961262878323,0.6972459978289924,0.002754002171007519,0.013037960293751122,0.07958265520418571
S5,interleaved,39,0.0,0.2666666666666666,0.2643766638243256,52.556277151693024,0.0011507961262878323,0.6618436132460731,0.03815638675392685,0.0010614525089865379,0.01123682957946691
S5,interleaved,40,0.0,0.2666666666666666,0.2643766638243256,52.556277151693024,0.0011507961262878323,0.77575147839007,0.07575147839007002,0.006574543292060725,0.04443952636852866
S5,interleaved,41,0.0,0.2666666666666666,0.2643766638243256,52.556277151693024,0.0011507961262878323,0.7255188323373323,0.02551883233733232,-0.0036308770155385195,-0.0014738690667286285
S5,interleaved,42,0.0,0.2666666666666666,0.2643766638243256,52.556277151693024,0.0011507961262878323,0.7958069798562896,0.09580697985628961,0.005335751466704203,0.05597496034666371
S5,interleaved,43,0.0,0.2666666666666666,0.2643766638243256,52.556277151693024,0.0011507961262878323,0.7208062925730613,0.020806292573061325,-0.0017215160997399587,-6.684099617397613e-05
S5,interleaved,44,0.0,0.2666666666666666,0.2643766638243256,52.556277151693024,0.0011507961262878323,0.733932335327711,0.033932335327711005,0.013218725439405471,0.06675760013732916
S5,interleaved,45,0.0,0.2666666666666666,0.2643766638243256,52.556277151693024,0.0011507961262878323,0.5712471733366334,0.12875282666336652,0.002056246906527087,0.020511056857898224
S5,interleaved,46,0.0,0.2666666666666666,0.2643766638243256,52.556277151693024,0.0011507961262878323,0.4026643417178889,0.29733565828211106,0.007686146910007879,0.037806864776663326
S5,interleaved,47,0.0,0.2666666666666666,0.2643766638243256,52.556277151693024,0.0011507961262878323,0.7502400708723989,0.0502400708723989,0.0020264899334197506,-0.008543939355100255
S5,interleaved,48,0.0,0.2666666666666666,0.2643766638243256,52.556277151693024,0.0011507961262878323,0.9071096835456262,0.2071096835456262,-0.0012426969598988424,0.0004924311405789305
S5,interleaved,49,0.0,0.2666666666666666,0.2643766638243256,52.556277151693024,0.0011507961262878323,0.7527290941299594,0.05272909412995941,-0.008450360850009275,-0.05296751966326851
S5,interleaved,50,0.0,0.2666666666666666,0.2643766638243256,52.556277151693024,0.0011507961262878323,0.8165747316629792,0.11657473166297927,0.010762994503657586,0.03314851636782502
S5,interleaved,51,0.0,0.2666666666666666,0.2643766638243256,52.556277151693024,0.0011507961262878323,0.561808084721497,0.13819191527850294,0.009941280748550899,0.03400265206450812
S5,interleaved,52,0.0,0.2666666666666666,0.2643766638243256,52.556277151693024,0.0011507961262878323,0.5955470994525318,0.10445290054746814,0.0017466691035642884,0.01608213514421998
S5,interleaved,53,0.0,0.2666666666666666,0.2643766638243256,52.556277151693024,0.0011507961262878323,0.6596684480644894,0.04033155193551052,-0.005233009478788686,-0.0017891034096582875
S5,interleaved,54,0.0,0.2666666666666666,0.2643766638243256,52.556277151693024,0.0011507961262878323,0.5924932721502562,0.1075067278497438,0.0037184659360354894,0.029776247255575084
S5,interleaved,55,0.0,0.2666666666666666,0.2643766638243256,52.556277151693024,0.0011507961262878323,0.6832942190945309,0.016705780905469036,0.00046126517751496343,0.006289618550249834
S5,interleaved,56,0.0,0.2666666666666666,0.2643766638243256,52.556277151693024,0.0011507961262878323,0.4114204450061601,0.28857955499383986,0.004715658215487681,0.015942716109790058
S5,interleaved,57,0.0,0.2666666666666666,0.2643766638243256,52.556277151693024,0.0011507961262878323,0.7471332950756567,0.04713329507565678,-0.00025194403435654933,0.0009338292141293058
S5,interleaved,58,0.0,0.2666666666666666,0.2643766638243256,52.556277151693024,0.0011507961262878323,0.764683096378787,0.064683096378787,-0.004494845253573562,-0.02463843594458246
S5,interleaved,59,0.0,0.2666666666666666,0.2643766638243256,52.556277151693024,0.0011507961262878323,0.36578465866476645,0.3342153413352335,0.00265612607571325,0.010925641734794034
S5,interleaved,60,0.0,0.2666666666666666,0.2643766638243256,52.556277151693024,0.0011507961262878323,0.6896366476798674,0.010363352320132524,0.005730153950683076,0.03414443072445318
S5,interleaved,61,0.0,0.2666666666666666,0.2643766638243256,52.556277151693024,0.0011507961262878323,0.8369916183884002,0.13699161838840024,0.02365484573794327,0.12240724923443848
S5,interleaved,62,0.0,0.2666666666666666,0.2643766638243256,52.556277151693024,0.0011507961262878323,0.6674004611325721,0.032599538867427835,0.0013081688599543145,0.0010165833927569007
S5,interleaved,63,0.0,0.2666666666666666,0.2643766638243256,52.556277151693024,0.0011507961262878323,0.5791582724954758,0.12084172750452415,0.01594936268347104,0.05222670890847347
S5,interleaved,64,0.0,0.2666666666666666,0.2643766638243256,52.556277151693024,0.0011507961262878323,0.6330908007027569,0.06690919929724304,0.009157544277042046,0.03668659456098299
S5,interleaved,65,0.0,0.2666666666666666,0.2643766638243256,52.556277151693024,0.0011507961262878323,0.5937626327344615,0.10623736726553845,0.0027245497142174002,0.03158592794630091
S5,interleaved,66,0.0,0.2666666666666666,0.2643766638243256,52.556277151693024,0.0011507961262878323,0.8339642449537878,0.1339642449537879,6.541640209518917e-05,0.01372449031463641
S5,interleaved,67,0.0,0.2666666666666666,0.2643766638243256,52.556277151693024,0.0011507961262878323,0.5791768102830298,0.12082318971697015,-0.000776360089908501,0.011858616853126036
S5,interleaved,68,0.0,0.2666666666666666,0.2643766638243256,52.556277151693024,0.0011507961262878323,0.5794490782471348,0.12055092175286519,0.010403236309104294,0.054123589026237526
S5,interleaved,69,0.0,0.2666666666666666,0.2643766638243256,52.556277151693024,0.0011507961262878323,0.7480661248675916,0.04806612486759165,-0.0022527396921162846,-0.009392657097524747
S5,interleaved,70,0.0,0.2666666666666666,0.2643766638243256,52.556277151693024,0.0011507961262878323,0.7081778194520816,0.008177819452081625,-0.012024501235825671,-0.03357551086345511
S5,interleaved,71,0.0,0.2666666666666666,0.2643766638243256,52.556277151693024,0.0011507961262878323,0.7989028775967344,0.09890287759673444,0.005165348932772429,0.04345042449846858
S5,interleaved,72,0.0,0.2666666666666666,0.2643766638243256,52.556277151693024,0.0011507961262878323,0.6789591013341852,0.02104089866581471,0.013539418895048227,0.061326453476749365
S5,interleaved,73,0.0,0.2666666666666666,0.2643766638243256,52.556277151693024,0.0011507961262878323,0.46924559984788383,0.23075440015211612,0.0012466273665473898,0.002650370804288379
S5,interleaved,74,0.0,0.2666666666666666,0.2643766638243256,52.556277151693024,0.0011507961262878323,0.2980647665953785,0.40193523340462145,0.004751880093843197,0.028275678274223847
S5,interleaved,75,0.0,0.2666666666666666,0.2643766638243256,52.556277151693024,0.0011507961262878323,0.7263710910509623,0.02637109105096236,8.001859305763193e-05,-0.04020834635736192
S5,interleaved,76,0.0,0.2666666666666666,0.2643766638243256,52.556277151693024,0.0011507961262878323,0.8518355293169728,0.15183552931697286,0.0051250331406561545,0.038051176203907494
S5,interleaved,77,0.0,0.2666666666666666,0.2643766638243256,52.556277151693024,0.0011507961262878323,0.7633638889675549,0.06336388896755496,0.0017449150920850476,0.015252966122061925
S5,interleaved,78,0.0,0.2666666666666666,0.2643766638243256,52.556277151693024,0.0011507961262878323,-0.5509109464725048,1.2509109464725048,0.004507959281720306,0.018091179747171622
S5,interleaved,79,0.0,0.2666666666666666,0.2643766638243256,52.556277151693024,0.0011507961262878323,0.8011156829448276,0.10111568294482765,0.021015177095418003,0.10389630602579304
S5,separated,0,0.0,11.25000000000002,0.0,0.13501527123658855,2.5137119377793836e-06,0.9999915661869596,0.29999156618695966,0.0005801250435655825,0.003282276963430805
S5,separated,1,0.0,11.25000000000002,0.0,0.13501527123658855,2.5137119377793836e-06,0.9999455721388943,0.2999455721388944,0.0007986148661508485,0.003951642891592486
S5,separated,2,0.0,11.25000000000002,0.0,0.13501527123658855,2.5137119377793836e-06,0.9999874057436021,0.29998740574360216,0.0003795683993193938,0.0017748275793043851
S5,separated,3,0.0,11.25000000000002,0.0,0.13501527123658855,2.5137119377793836e-06,-0.9999465974207923,1.6999465974207921,-3.768809240428661e-05,-0.0002366172004208041
S5,separated,4,0.0,11.25000000000002,0.0,0.13501527123658855,2.5137119377793836e-06,-0.9999619314369684,1.6999619314369685,-0.00011101679915075102,1.5036470043767551e-05
S5,separated,5,0.0,11.25000000000002,0.0,0.13501527123658855,2.5137119377793836e-06,0.9999759861174172,0.29997598611741727,-2.360461350406351e-05,-0.00020995402475780338
S5,separated,6,0.0,11.25000000000002,0.0,0.13501527123658855,2.5137119377793836e-06,0.99997589398256,0.2999758939825601,6.435424672934786e-05,0.000332317610975158
S5,separated,7,0.0,11.25000000000002,0.0,0.13501527123658855,2.5137119377793836e-06,-0.9999258799519871,1.6999258799519872,-0.0007408915062643018,-0.004020263580155778
S5,separated,8,0.0,11.25000000000002,0.0,0.13501527123658855,2.5137119377793836e-06,-0.9067665282777283,1.6067665282777281,-0.001099484406392251,-0.006054544437694921
S5,separated,9,0.0,11.25000000000002,0.0,0.13501527123658855,2.5137119377793836e-06,-0.7877085501741493,1.4877085501741494,0.00017010604409092855,0.00065193755422919
S5,separated,10,0.0,11.25000000000002,0.0,0.13501527123658855,2.5137119377793836e-06,-0.1054075208772303,0.8054075208772302,6.326174067303181e-06,1.9991937971467385e-05
S5,separated,11,0.0,11.25000000000002,0.0,0.13501527123658855,2.5137119377793836e-06,0.9999920069134923,0.29999200691349237,0.00010792912823640033,0.0005819521039721101
S5,separated,12,0.0,11.25000000000002,0.0,0.13501527123658855,2.5137119377793836e-06,0.9999968125696367,0.29999681256963673,0.0008254732369154943,0.0028092003529385013
S5,separated,13,0.0,11.25000000000002,0.0,0.13501527123658855,2.5137119377793836e-06,0.9999825513226825,0.2999825513226826,-0.00016585740948135697,-0.00017530782983674517
S5,separated,14,0.0,11.25000000000002,0.0,0.13501527123658855,2.5137119377793836e-06,0.9999925442316842,0.2999925442316842,-0.00012542749389397867,-0.0004520073263727558
S5,separated,15,0.0,11.25000000000002,0.0,0.13501527123658855,2.5137119377793836e-06,-0.9999682928391765,1.6999682928391766,-2.869830084795133e-06,1.7442817240570044e-05
S5,separated,16,0.0,11.25000000000002,0.0,0.13501527123658855,2.5137119377793836e-06,-0.9999832023825633,1.6999832023825632,-0.0004868374504989059,-0.0019027216476587483
S5,separated,17,0.0,11.25000000000002,0.0,0.13501527123658855,2.5137119377793836e-06,0.9999861577676065,0.2999861577676065,4.035592747170247e-06,2.3756751656602477e-05
S5,separated,18,0.0,11.25000000000002,0.0,0.13501527123658855,2.5137119377793836e-06,0.9999873548927944,0.2999873548927945,-0.0003101482743044365,-3.3532578975708123e-06
S5,separated,19,0.0,11.25000000000002,0.0,0.13501527123658855,2.5137119377793836e-06,0.9999860436906594,0.2999860436906594,0.0002946197542908896,0.001416479286923518
S5,separated,20,0.0,11.25000000000002,0.0,0.13501527123658855,2.5137119377793836e-06,0.9999890352361871,0.29998903523618714,0.0005779087938128508,0.0032276465939133307
S5,separated,21,0.0,11.25000000000002,0.0,0.13501527123658855,2.5137119377793836e-06,0.9999708651739907,0.29997086517399074,4.305846430352478e-06,4.0059824831661926e-05
S5,separated,22,0.0,11.25000000000002,0.0,0.13501527123658855,2.5137119377793836e-06,-0.9999914857506291,1.699991485750629,-0.0003181790890688513,-0.002123278753375884
S5,separated,23,0.0,11.25000000000002,0.0,0.13501527123658855,2.5137119377793836e-06,0.9999857252129442,0.2999857252129442,-0.00015975417887457988,-0.0008779795588922241
S5,separated,24,0.0,11.25000000000002,0.0,0.13501527123658855,2.5137119377793836e-06,-0.9999967826566873,1.6999967826566873,0.0001413001583226714,0.00010621993130804641
S5,separated,25,0.0,11.25000000000002,0.0,0.13501527123658855,2.5137119377793836e-06,0.9999662846642263,0.29996628466422637,-0.000329163787681816,-0.0015063848352331612
S5,separated,26,0.0,11.25000000000002,0.0,0.13501527123658855,2.5137119377793836e-06,0.9999874430242544,0.2999874430242544,-0.0012055156364572384,-0.0038814665847010615
S5,separated,27,0.0,11.25000000000002,0.0,0.13501527123658855,2.5137119377793836e-06,0.9999892886565412,0.2999892886565413,-4.907193739134286e-07,-0.0002843786160762191
S5,separated,28,0.0,11.25000000000002,0.0,0.13501527123658855,2.5137119377793836e-06,-0.9999680589158282,1.6999680589158281,-7.687211811130412e-06,9.202596563154207e-05
S5,separated,29,0.0,11.25000000000002,0.0,0.13501527123658855,2.5137119377793836e-06,0.9999715642507614,0.29997156425076144,-0.0005900979238237791,-0.002832409511848248
S5,separated,30,0.0,11.25000000000002,0.0,0.13501527123658855,2.5137119377793836e-06,-0.9999816887882891,1.699981688788289,-0.0001161434222007457,-0.0011543570409512074
S5,separated,31,0.0,11.25000000000002,0.0,0.13501527123658855,2.5137119377793836e-06,0.9999905063130564,0.29999050631305646,-5.0546080676838745e-06,7.37010250602225e-06
S5,separated,32,0.0,11.25000000000002,0.0,0.13501527123658855,2.5137119377793836e-06,0.9999853572905915,0.2999853572905915,3.212823844064849e-05,0.0012455086327947428
S5,separated,33,0.0,11.25000000000002,0.0,0.13501527123658855,2.5137119377793836e-06,0.9999470709633689,0.2999470709633689,-3.486804338326266e-05,-0.0003314236399633302
S5,separated,34,0.0,11.25000000000002,0.0,0.13501527123658855,2.5137119377793836e-06,-0.9999752024457835,1.6999752024457835,0.00014917528031149763,0.0007309351356548023
S5,separated,35,0.0,11.25000000000002,0.0,0.13501527123658855,2.5137119377793836e-06,0.9999584118321597,0.29995841183215977,-4.9707528614176266e-05,-7.1531299539547e-05
S5,separated,36,0.0,11.25000000000002,0.0,0.13501527123658855,2.5137119377793836e-06,-0.9999658602179629,1.6999658602179628,0.0005051018001595298,0.002997741621706143
S5,separated,37,0.0,11.25000000000002,0.0,0.13501527123658855,2.5137119377793836e-06,0.9999751972483348,0.2999751972483349,-9.72393327702964e-05,-0.000207981180697422
S5,separated,38,0.0,11.25000000000002,0.0,0.13501527123658855,2.5137119377793836e-06,-0.999980337999933,1.699980337999933,-0.00015537657066702626,-0.0014962776590690715
S5,separated,39,0.0,11.25000000000002,0.0,0.13501527123658855,2.5137119377793836e-06,0.9999695992713341,0.29996959927133415,-0.00011257213738162519,-0.00015648000551000315
S5,separated,40,0.0,11.25000000000002,0.0,0.13501527123658855,2.5137119377793836e-06,-0.9999819680112686,1.6999819680112687,2.9351725519988214e-05,7.870699118973321e-05
S5,separated,41,0.0,11.25000000000002,0.0,0.13501527123658855,2.5137119377793836e-06,0.9999930848762725,0.2999930848762725,0.0005228168347990725,0.004550120339651253
S5,separated,42,0.0,11.25000000000002,0.0,0.13501527123658855,2.5137119377793836e-06,0.9999859558746439,0.29998595587464394,-0.0007008500267057238,-0.0017628316534601118
S5,separated,43,0.0,11.25000000000002,0.0,0.13501527123658855,2.5137119377793836e-06,-0.9999652670582645,1.6999652670582646,6.732128720275676e-05,0.00023259647877852627
S5,separated,44,0.0,11.25000000000002,0.0,0.13501527123658855,2.5137119377793836e-06,-0.81299515738789,1.51299515738789,-4.844614259122415e-05,-0.00024514575569754284
S5,separated,45,0.0,11.25000000000002,0.0,0.13501527123658855,2.5137119377793836e-06,-0.8843749948493265,1.5843749948493264,-2.7180938706267144e-05,-3.416661671883508e-05
S5,separated,46,0.0,11.25000000000002,0.0,0.13501527123658855,2.5137119377793836e-06,-0.9999825128580186,1.6999825128580186,-0.00010039842106007724,-0.00022668960998514047
S5,separated,47,0.0,11.25000000000002,0.0,0.13501527123658855,2.5137119377793836e-06,-0.999989878038926,1.699989878038926,0.0005280479469204069,0.0013625208753862102
S5,separated,48,0.0,11.25000000000002,0.0,0.13501527123658855,2.5137119377793836e-06,0.30528549595368465,0.3947145040463153,4.0581542925938185e-06,3.05895979969333e-05
S5,separated,49,0.0,11.25000000000002,0.0,0.13501527123658855,2.5137119377793836e-06,-0.9998960936007832,1.6998960936007832,3.149082187930974e-06,4.591750863144108e-05
S5,separated,50,0.0,11.25000000000002,0.0,0.13501527123658855,2.5137119377793836e-06,0.9999988103652634,0.29999881036526344,-8.77877036756236e-06,-0.00010532118820415353
S5,separated,51,0.0,11.25000000000002,0.0,0.13501527123658855,2.5137119377793836e-06,-0.9999810122549895,1.6999810122549894,-0.00022401198002963696,-0.000637738964246895
S5,separated,52,0.0,11.25000000000002,0.0,0.13501527123658855,2.5137119377793836e-06,0.9999881978538584,0.29998819785385844,0.0001685766694858315,0.0006911856109730746
S5,separated,53,0.0,11.25000000000002,0.0,0.13501527123658855,2.5137119377793836e-06,-0.9999820026692311,1.699982002669231,7.357379707671752e-05,0.00032602161626141176
S5,separated,54,0.0,11.25000000000002,0.0,0.13501527123658855,2.5137119377793836e-06,-0.9999830851972719,1.699983085197272,3.2448344392921324e-05,5.009556034361364e-05
S5,separated,55,0.0,11.25000000000002,0.0,0.13501527123658855,2.5137119377793836e-06,0.9999931606812519,0.2999931606812519,0.000419341396256101,0.0012389415889292794
S5,separated,56,0.0,11.25000000000002,0.0,0.13501527123658855,2.5137119377793836e-06,0.9999652314728606,0.2999652314728607,0.0009255782768790993,0.0030046021234244936
S5,separated,57,0.0,11.25000000000002,0.0,0.13501527123658855,2.5137119377793836e-06,-0.9999693559793652,1.6999693559793652,-0.0007817429645998047,-0.003016941311314025
S5,separated,58,0.0,11.25000000000002,0.0,0.13501527123658855,2.5137119377793836e-06,0.9999815431659395,0.2999815431659395,0.00010589368705926638,0.0010354738425213455
S5,separated,59,0.0,11.25000000000002,0.0,0.13501527123658855,2.5137119377793836e-06,-0.9999630965159713,1.699963096515971,-1.2105575065771146e-05,3.462872835750114e-05
S5,separated,60,0.0,11.25000000000002,0.0,0.13501527123658855,2.5137119377793836e-06,-0.9999825631675852,1.6999825631675851,0.00022820987545252303,0.0017216874985252247
S5,separated,61,0.0,11.25000000000002,0.0,0.13501527123658855,2.5137119377793836e-06,-0.9999637807440446,1.6999637807440444,3.619589757519748e-05,0.00024982796264137096
S5,separated,62,0.0,11.25000000000002,0.0,0.13501527123658855,2.5137119377793836e-06,0.9369948732342025,0.23699487323420254,0.002326309880325228,0.007612532013024322
S5,separated,63,0.0,11.25000000000002,0.0,0.13501527123658855,2.5137119377793836e-06,0.9999860282542459,0.2999860282542459,0.00010244973810066837,0.0003181623286057797
S5,separated,64,0.0,11.25000000000002,0.0,0.13501527123658855,2.5137119377793836e-06,0.9997286709787574,0.29972867097875744,0.001052466493875498,0.004267452204107176
S5,separated,65,0.0,11.25000000000002,0.0,0.13501527123658855,2.5137119377793836e-06,0.9999738326106201,0.29997383261062016,-9.174317451859926e-05,-0.000577242205937313
S5,separated,66,0.0,11.25000000000002,0.0,0.13501527123658855,2.5137119377793836e-06,-0.9999092042625951,1.6999092042625952,-6.772070000712893e-05,0.0005787301700145122
S5,separated,67,0.0,11.25000000000002,0.0,0.13501527123658855,2.5137119377793836e-06,0.9999761438891346,0.2999761438891346,-0.00018477360811250398,-0.0006740380672313061
S5,separated,68,0.0,11.25000000000002,0.0,0.13501527123658855,2.5137119377793836e-06,0.9999925665459104,0.29999256654591044,-0.0005738732268241453,-0.0013364396711671661
S5,separated,69,0.0,11.25000000000002,0.0,0.13501527123658855,2.5137119377793836e-06,0.9999795414992094,0.29997954149920947,-0.001271701114801141,-0.007086021746854768
S5,separated,70,0.0,11.25000000000002,0.0,0.13501527123658855,2.5137119377793836e-06,0.9999739379948325,0.2999739379948325,0.00010426577737239484,0.0016920964220446468
S5,separated,71,0.0,11.25000000000002,0.0,0.13501527123658855,2.5137119377793836e-06,-0.36328688796061503,1.063286887960615,-6.468716644031369e-06,-5.170254788869066e-05
S5,separated,72,0.0,11.25000000000002,0.0,0.13501527123658855,2.5137119377793836e-06,-0.8583810777222065,1.5583810777222065,-5.456654198635058e-05,-0.00029105026702012373
S5,separated,73,0.0,11.25000000000002,0.0,0.13501527123658855,2.5137119377793836e-06,0.9999722439091201,0.29997224390912014,7.815365045341083e-05,0.0005953049175931776
S5,separated,74,0.0,11.25000000000002,0.0,0.13501527123658855,2.5137119377793836e-06,-0.27121702218098126,0.9712170221809813,0.00019525936162012592,0.0003805228427968229
S5,separated,75,0.0,11.25000000000002,0.0,0.13501527123658855,2.5137119377793836e-06,-0.9999190145217332,1.699919014521733,-0.0004053312713735713,-0.0014949626484968722
S5,separated,76,0.0,11.25000000000002,0.0,0.13501527123658855,2.5137119377793836e-06,0.9999774452610606,0.2999774452610606,0.0004030257483620958,0.0021283182190737046
S5,separated,77,0.0,11.25000000000002,0.0,0.13501527123658855,2.5137119377793836e-06,-0.6530909080187376,1.3530909080187374,-0.00022710128062164436,-0.00033085739062919673
S5,separated,78,0.0,11.25000000000002,0.0,0.13501527123658855,2.5137119377793836e-06,-0.999975117131604,1.699975117131604,7.653003477448017e-05,0.0003761704638070518
S5,separated,79,0.0,11.25000000000002,0.0,0.13501527123658855,2.5137119377793836e-06,0.9999756085394919,0.2999756085394919,0.0015986386732619318,0.005089613596397883
