experiment,regime,rep,omega,tpi_1_to_2,B_1,W12,working_oracle_gain,rho_hat,rmse_diff,mlpd_diff
S5-LMC,isotopic,0,1.0,0.0,0.0,51.35282003551376,0.0003326126204920649,0.9615558495173273,-0.0002085118076549375,-0.011370151202126321
S5-LMC,isotopic,1,1.0,0.0,0.0,51.35282003551376,0.0003326126204920649,0.9672181148195543,0.01759942342740567,0.10593245383590842
S5-LMC,isotopic,2,1.0,0.0,0.0,51.35282003551376,0.0003326126204920649,0.977685630788765,-0.0020968418871148697,-0.010014035797169396
S5-LMC,isotopic,3,1.0,0.0,0.0,51.35282003551376,0.0003326126204920649,0.9755937530133323,-0.006364402576811257,-0.038383740134600504
S5-LMC,isotopic,4,1.0,0.0,0.0,51.35282003551376,0.0003326126204920649,0.9527557914981125,-0.005433086711261165,-0.0659145912824807
S5-LMC,isotopic,5,1.0,0.0,0.0,51.35282003551376,0.0003326126204920649,0.964544786243457,0.007483699934888177,0.03798535228243552
S5-LMC,isotopic,6,1.0,0.0,0.0,51.35282003551376,0.0003326126204920649,0.9620332667370376,0.011427424169905442,0.055275207578217606
S5-LMC,isotopic,7,1.0,0.0,0.0,51.35282003551376,0.0003326126204920649,0.9630795065247546,-8.539100773291564e-05,0.007725070608046484
S5-LMC,isotopic,8,1.0,0.0,0.0,51.35282003551376,0.0003326126204920649,0.9893394126704542,0.006700901270567966,0.01921871699325857
S5-LMC,isotopic,9,1.0,0.0,0.0,51.35282003551376,0.0003326126204920649,0.9041503848485265,0.009273331607419166,0.06787830744918034
S5-LMC,isotopic,10,1.0,0.0,0.0,51.35282003551376,0.0003326126204920649,0.9845715885084672,-0.0012499017053007322,-0.004206932560965434
S5-LMC,isotopic,11,1.0,0.0,0.0,51.35282003551376,0.0003326126204920649,0.9875264267201612,0.004621866029347721,0.0205022138586255
S5-LMC,isotopic,12,1.0,0.0,0.0,51.35282003551376,0.0003326126204920649,0.9858892788775399,-0.011390429853079684,-0.08161475483358581
S5-LMC,isotopic,13,1.0,0.0,0.0,51.35282003551376,0.0003326126204920649,0.9806531589171797,-0.009077529040699889,-0.0831960765661417
S5-LMC,isotopic,14,1.0,0.0,0.0,51.35282003551376,0.0003326126204920649,0.9717753716410823,0.00436614935563065,0.005636863515038043
S5-LMC,isotopic,15,1.0,0.0,0.0,51.35282003551376,0.0003326126204920649,0.9548026146228066,0.013572244791193427,0.07419727129003895
S5-LMC,isotopic,16,1.0,0.0,0.0,51.35282003551376,0.0003326126204920649,0.9237267200977765,-0.007993023171156743,-0.03971198921856694
S5-LMC,isotopic,17,1.0,0.0,0.0,51.35282003551376,0.0003326126204920649,0.9830022988698643,-0.003107682856423294,-0.02806012025988658
S5-LMC,isotopic,18,1.0,0.0,0.0,51.35282003551376,0.0003326126204920649,0.9665942565014845,4.375885203442009e-05,-0.024686825982022268
S5-LMC,isotopic,19,1.0,0.0,0.0,51.35282003551376,0.0003326126204920649,0.9647682063283703,0.008858749852650005,0.03838219359816121
S5-LMC,isotopic,20,1.0,0.0,0.0,51.35282003551376,0.0003326126204920649,0.9432943375210565,0.008392340672670778,0.06158969528236074
S5-LMC,isotopic,21,1.0,0.0,0.0,51.35282003551376,0.0003326126204920649,0.9465748717294497,0.005661178428599339,0.0254549275219213
S5-LMC,isotopic,22,1.0,0.0,0.0,51.35282003551376,0.0003326126204920649,0.9534571513717512,0.0017126892273474914,-0.007026342899160403
S5-LMC,isotopic,23,1.0,0.0,0.0,51.35282003551376,0.0003326126204920649,0.9756929825938304,-0.005613054199681361,-0.039612922702635396
S5-LMC,isotopic,24,1.0,0.0,0.0,51.35282003551376,0.0003326126204920649,0.9872084195790549,-0.010540599832503939,-0.11533630179533445
S5-LMC,isotopic,25,1.0,0.0,0.0,51.35282003551376,0.0003326126204920649,0.9661179279209227,0.01741211012524932,0.05925258401424654
S5-LMC,isotopic,26,1.0,0.0,0.0,51.35282003551376,0.0003326126204920649,0.9630377116842218,-0.0011927921555100474,-0.04938755924783271
S5-LMC,isotopic,27,1.0,0.0,0.0,51.35282003551376,0.0003326126204920649,0.968515752790964,0.010561862560014013,0.06454665399437137
S5-LMC,isotopic,28,1.0,0.0,0.0,51.35282003551376,0.0003326126204920649,0.9866701175741643,0.017183217281002888,0.06127649484048108
S5-LMC,isotopic,29,1.0,0.0,0.0,51.35282003551376,0.0003326126204920649,0.9711878353548432,0.004643972069365787,0.02895778824261231
S5-LMC,isotopic,30,1.0,0.0,0.0,51.35282003551376,0.0003326126204920649,0.9213945554024258,0.0024082193997667645,-0.008601509579406866
S5-LMC,isotopic,31,1.0,0.0,0.0,51.35282003551376,0.0003326126204920649,0.9792520088371836,-0.0038883717097147885,-0.03403945307593038
S5-LMC,isotopic,32,1.0,0.0,0.0,51.35282003551376,0.0003326126204920649,0.9536411017333545,-0.007325357576901559,-0.05924458326740414
S5-LMC,isotopic,33,1.0,0.0,0.0,51.35282003551376,0.0003326126204920649,0.9951487910184235,0.007761956980996604,0.04331886249216554
S5-LMC,isotopic,34,1.0,0.0,0.0,51.35282003551376,0.0003326126204920649,0.9332899084855015,0.0006336260560547702,-0.011656208762757695
S5-LMC,isotopic,35,1.0,0.0,0.0,51.35282003551376,0.0003326126204920649,0.9488215476047227,0.014838703089276012,0.10522579493169097
S5-LMC,isotopic,36,1.0,0.0,0.0,51.35282003551376,0.0003326126204920649,0.9877298783801356,0.00917223649096377,0.03146456069744939
S5-LMC,isotopic,37,1.0,0.0,0.0,51.35282003551376,0.0003326126204920649,0.9393048768619645,0.017110144322947662,0.13474094439818102
S5-LMC,isotopic,38,1.0,0.0,0.0,51.35282003551376,0.0003326126204920649,0.9958747102471152,-0.011143456448998501,-0.04084737334356689
S5-LMC,isotopic,39,1.0,0.0,0.0,51.35282003551376,0.0003326126204920649,0.9444110928424208,-0.005257027003005038,-0.06589696087130757
S5-LMC,isotopic,40,1.0,0.0,0.0,51.35282003551376,0.0003326126204920649,0.9828912746848564,0.006192004660415418,0.034167775632764665
S5-LMC,isotopic,41,1.0,0.0,0.0,51.35282003551376,0.0003326126204920649,0.9725448358368954,0.007443456418171762,0.025508490358052863
S5-LMC,isotopic,42,1.0,0.0,0.0,51.35282003551376,0.0003326126204920649,0.957314995319634,-0.0004913869109742508,-0.008917172764028558
S5-LMC,isotopic,43,1.0,0.0,0.0,51.35282003551376,0.0003326126204920649,0.9771456741628836,-0.005059973012541047,-0.054201131941754514
S5-LMC,isotopic,44,1.0,0.0,0.0,51.35282003551376,0.0003326126204920649,0.9723262917104313,0.0021305382157123243,-0.009973811285932279
S5-LMC,isotopic,45,1.0,0.0,0.0,51.35282003551376,0.0003326126204920649,0.9430738060090562,0.007971452332979412,0.036522681620471606
S5-LMC,isotopic,46,1.0,0.0,0.0,51.35282003551376,0.0003326126204920649,0.9490678535460946,0.0036082331533209,0.007763540004482517
S5-LMC,isotopic,47,1.0,0.0,0.0,51.35282003551376,0.0003326126204920649,0.9768074404107627,0.016405103144767202,0.08488325962401966
S5-LMC,isotopic,48,1.0,0.0,0.0,51.35282003551376,0.0003326126204920649,0.9680407873349708,0.011260096817331339,0.05520942399868543
S5-LMC,isotopic,49,1.0,0.0,0.0,51.35282003551376,0.0003326126204920649,0.9717926555908334,0.0006578470543844306,-0.020655536742202104
S5-LMC,isotopic,50,1.0,0.0,0.0,51.35282003551376,0.0003326126204920649,0.9191794231724233,0.003768807781682787,0.01136990380137582
S5-LMC,isotopic,51,1.0,0.0,0.0,51.35282003551376,0.0003326126204920649,0.9826350097359488,0.008702878926294955,0.026613392301385062
S5-LMC,isotopic,52,1.0,0.0,0.0,51.35282003551376,0.0003326126204920649,0.9351661592323635,0.0080151199559646,0.051410858562460734
S5-LMC,isotopic,53,1.0,0.0,0.0,51.35282003551376,0.0003326126204920649,0.9604981669563679,-0.004441763439643198,-0.09971577248522275
S5-LMC,isotopic,54,1.0,0.0,0.0,51.35282003551376,0.0003326126204920649,0.9598940694590026,0.007596624557751647,0.03425179826118171
S5-LMC,isotopic,55,1.0,0.0,0.0,51.35282003551376,0.0003326126204920649,0.9483256261326853,0.005869869271258515,0.018560386892167165
S5-LMC,isotopic,56,1.0,0.0,0.0,51.35282003551376,0.0003326126204920649,0.959053114793926,0.00401665783798319,0.0023212529420141266
S5-LMC,isotopic,57,1.0,0.0,0.0,51.35282003551376,0.0003326126204920649,0.9466894346253086,0.0021023911594214573,0.011840192498718288
S5-LMC,isotopic,58,1.0,0.0,0.0,51.35282003551376,0.0003326126204920649,0.9795442522245797,0.006757734974180363,0.026951249685149888
S5-LMC,isotopic,59,1.0,0.0,0.0,51.35282003551376,0.0003326126204920649,0.9862338064375604,0.0041602391669577354,0.0033562597120727956
S5-LMC,isotopic,60,1.0,0.0,0.0,51.35282003551376,0.0003326126204920649,0.9875888981830567,0.008028106075599603,-0.018287326641548692
S5-LMC,isotopic,61,1.0,0.0,0.0,51.35282003551376,0.0003326126204920649,0.9827482903917153,-0.003375056422759759,-0.07962425921495601
S5-LMC,isotopic,62,1.0,0.0,0.0,51.35282003551376,0.0003326126204920649,0.9581741101025533,-0.008635092130445637,-0.06285749158539086
S5-LMC,isotopic,63,1.0,0.0,0.0,51.35282003551376,0.0003326126204920649,0.9628417813136086,-0.0003252065865758935,-0.023758164201571442
S5-LMC,isotopic,64,1.0,0.0,0.0,51.35282003551376,0.0003326126204920649,0.9575981622563879,0.005072216392589479,0.023833332094761107
S5-LMC,isotopic,65,1.0,0.0,0.0,51.35282003551376,0.0003326126204920649,0.9769008014900507,-3.9659011327242144e-05,-0.015370393338162255
S5-LMC,isotopic,66,1.0,0.0,0.0,51.35282003551376,0.0003326126204920649,0.9640786592219254,0.009221718909754373,0.045212515045055766
S5-LMC,isotopic,67,1.0,0.0,0.0,51.35282003551376,0.0003326126204920649,0.9891785997718833,-0.0006091206491668222,-0.010389079386905472
S5-LMC,isotopic,68,1.0,0.0,0.0,51.35282003551376,0.0003326126204920649,0.9330898689670821,0.003222707881981035,0.0036293414099834278
S5-LMC,isotopic,69,1.0,0.0,0.0,51.35282003551376,0.0003326126204920649,0.9423213421731228,0.007015356428266312,0.04041311768447029
S5-LMC,isotopic,70,1.0,0.0,0.0,51.35282003551376,0.0003326126204920649,0.9708531819125314,0.003543681936157922,-0.01045452042621394
S5-LMC,isotopic,71,1.0,0.0,0.0,51.35282003551376,0.0003326126204920649,0.9358228191512561,0.004667243380964442,0.033851542140241504
S5-LMC,isotopic,72,1.0,0.0,0.0,51.35282003551376,0.0003326126204920649,0.9310772664467973,-0.0024115434676515446,-0.03248746415157791
S5-LMC,isotopic,73,1.0,0.0,0.0,51.35282003551376,0.0003326126204920649,0.9823156251678499,0.007766681758124866,0.019953988667821818
S5-LMC,isotopic,74,1.0,0.0,0.0,51.35282003551376,0.0003326126204920649,0.9891234846712553,-0.002792431366850756,-0.04610638485846766
S5-LMC,isotopic,75,1.0,0.0,0.0,51.35282003551376,0.0003326126204920649,0.9955342813802237,0.009934096228672862,0.03307837863459689
S5-LMC,isotopic,76,1.0,0.0,0.0,51.35282003551376,0.0003326126204920649,0.9438870355942637,-0.005559348075635351,-0.06967022940919154
S5-LMC,isotopic,77,1.0,0.0,0.0,51.35282003551376,0.0003326126204920649,0.9363848260791877,-0.007608506342927923,-0.048726346643011884
S5-LMC,isotopic,78,1.0,0.0,0.0,51.35282003551376,0.0003326126204920649,0.949179260414806,0.011159077778819776,0.05549169900880537
S5-LMC,isotopic,79,1.0,0.0,0.0,51.35282003551376,0.0003326126204920649,0.9162093850422788,-0.0019956554627729994,-0.0081638272846089
S5-LMC,interleaved,0,0.0,0.2666666666666666,0.2643766638243256,52.556277151693024,0.0011507961262878323,0.9783969088417627,0.03620520043003975,0.18094273174297967
S5-LMC,interleaved,1,0.0,0.2666666666666666,0.2643766638243256,52.556277151693024,0.0011507961262878323,0.9755680969161227,-0.014616487356003433,-0.12674258937761534
S5-LMC,interleaved,2,0.0,0.2666666666666666,0.2643766638243256,52.556277151693024,0.0011507961262878323,0.9635246526386619,0.03181663746248803,0.14429477029194163
S5-LMC,interleaved,3,0.0,0.2666666666666666,0.2643766638243256,52.556277151693024,0.0011507961262878323,0.9965137701969093,0.012601989691656879,0.020360942817822993
S5-LMC,interleaved,4,0.0,0.2666666666666666,0.2643766638243256,52.556277151693024,0.0011507961262878323,0.9511186926689159,0.007272584308482266,0.026966143806999836
S5-LMC,interleaved,5,0.0,0.2666666666666666,0.2643766638243256,52.556277151693024,0.0011507961262878323,0.9802165239131387,0.04546217029914004,0.2569557212720538
S5-LMC,interleaved,6,0.0,0.2666666666666666,0.2643766638243256,52.556277151693024,0.0011507961262878323,0.9370556890640866,0.04257322603819247,0.2256730846391604
S5-LMC,interleaved,7,0.0,0.2666666666666666,0.2643766638243256,52.556277151693024,0.0011507961262878323,0.9999999839620113,0.01131294277259251,0.035899776076153564
S5-LMC,interleaved,8,0.0,0.2666666666666666,0.2643766638243256,52.556277151693024,0.0011507961262878323,0.9797710560703812,0.044911313256245616,0.21902102982851882
S5-LMC,interleaved,9,0.0,0.2666666666666666,0.2643766638243256,52.556277151693024,0.0011507961262878323,0.9424946605926222,0.029238372627326592,0.15193609363866473
S5-LMC,interleaved,10,0.0,0.2666666666666666,0.2643766638243256,52.556277151693024,0.0011507961262878323,0.9334334034809415,-0.0005184551311483987,-0.03785985106332602
S5-LMC,interleaved,11,0.0,0.2666666666666666,0.2643766638243256,52.556277151693024,0.0011507961262878323,0.9860875912390952,0.045271267099711104,0.2390763502040643
S5-LMC,interleaved,12,0.0,0.2666666666666666,0.2643766638243256,52.556277151693024,0.0011507961262878323,0.9592005092117336,0.012613030626342892,0.05361916884590427
S5-LMC,interleaved,13,0.0,0.2666666666666666,0.2643766638243256,52.556277151693024,0.0011507961262878323,0.9758412242859534,0.03089135799199716,0.15040206591823269
S5-LMC,interleaved,14,0.0,0.2666666666666666,0.2643766638243256,52.556277151693024,0.0011507961262878323,0.8295655025081097,0.022227183125583777,0.13911545520600033
S5-LMC,interleaved,15,0.0,0.2666666666666666,0.2643766638243256,52.556277151693024,0.0011507961262878323,0.8956539607146484,0.025505772033429158,0.15960149048639288
S5-LMC,interleaved,16,0.0,0.2666666666666666,0.2643766638243256,52.556277151693024,0.0011507961262878323,0.9535026836417061,0.03857115847373038,0.28315701645859964
S5-LMC,interleaved,17,0.0,0.2666666666666666,0.2643766638243256,52.556277151693024,0.0011507961262878323,0.9767543280706187,0.00504663013711093,0.003000039736450888
S5-LMC,interleaved,18,0.0,0.2666666666666666,0.2643766638243256,52.556277151693024,0.0011507961262878323,0.9007370533507165,0.01933256527446167,0.1179006047951996
S5-LMC,interleaved,19,0.0,0.2666666666666666,0.2643766638243256,52.556277151693024,0.0011507961262878323,0.9909906751044315,0.010348814740223533,0.0350978637563318
S5-LMC,interleaved,20,0.0,0.2666666666666666,0.2643766638243256,52.556277151693024,0.0011507961262878323,0.9456299406385295,0.021178402576965794,0.08305592228727657
S5-LMC,interleaved,21,0.0,0.2666666666666666,0.2643766638243256,52.556277151693024,0.0011507961262878323,0.9697949298361871,0.028893746087961192,0.13757733916350673
S5-LMC,interleaved,22,0.0,0.2666666666666666,0.2643766638243256,52.556277151693024,0.0011507961262878323,0.9861932713683885,0.003233941912096583,0.018145256871387825
S5-LMC,interleaved,23,0.0,0.2666666666666666,0.2643766638243256,52.556277151693024,0.0011507961262878323,0.9835008905415242,0.019229942805503997,0.08490034451550602
S5-LMC,interleaved,24,0.0,0.2666666666666666,0.2643766638243256,52.556277151693024,0.0011507961262878323,0.9719192852841431,0.02003295612100059,0.061516884275862896
S5-LMC,interleaved,25,0.0,0.2666666666666666,0.2643766638243256,52.556277151693024,0.0011507961262878323,0.9714571766230968,0.011349056565550963,-0.012843647145618312
S5-LMC,interleaved,26,0.0,0.2666666666666666,0.2643766638243256,52.556277151693024,0.0011507961262878323,0.934198810604848,0.004419909100258204,0.03154561745762606
S5-LMC,interleaved,27,0.0,0.2666666666666666,0.2643766638243256,52.556277151693024,0.0011507961262878323,0.9036898586694726,0.021915828678067212,0.12048455205784522
S5-LMC,interleaved,28,0.0,0.2666666666666666,0.2643766638243256,52.556277151693024,0.0011507961262878323,0.9586259389311894,0.010456653707478836,0.038788310675576455
S5-LMC,interleaved,29,0.0,0.2666666666666666,0.2643766638243256,52.556277151693024,0.0011507961262878323,0.9903271048426393,0.036533069314826805,0.1533031524466635
S5-LMC,interleaved,30,0.0,0.2666666666666666,0.2643766638243256,52.556277151693024,0.0011507961262878323,0.9999999999995136,0.009019961813156091,-0.21029339708067513
S5-LMC,interleaved,31,0.0,0.2666666666666666,0.2643766638243256,52.556277151693024,0.0011507961262878323,0.9765859913266406,0.027725184235108807,0.14560327980189597
S5-LMC,interleaved,32,0.0,0.2666666666666666,0.2643766638243256,52.556277151693024,0.0011507961262878323,0.9966617606825996,0.010697827810786403,-0.001462565912916199
S5-LMC,interleaved,33,0.0,0.2666666666666666,0.2643766638243256,52.556277151693024,0.0011507961262878323,0.9808075533420886,0.055830366915783775,0.34888240039402746
S5-LMC,interleaved,34,0.0,0.2666666666666666,0.2643766638243256,52.556277151693024,0.0011507961262878323,0.9784124744058549,0.012985544440732577,0.048853068483643236
S5-LMC,interleaved,35,0.0,0.2666666666666666,0.2643766638243256,52.556277151693024,0.0011507961262878323,0.9666788986293184,0.025768514158584582,0.1355254884414632
S5-LMC,interleaved,36,0.0,0.2666666666666666,0.2643766638243256,52.556277151693024,0.0011507961262878323,0.9784499772067459,0.02386883407300283,0.1162173530198704
S5-LMC,interleaved,37,0.0,0.2666666666666666,0.2643766638243256,52.556277151693024,0.0011507961262878323,0.9370035337595164,0.013644605205688887,0.05717048024952721
S5-LMC,interleaved,38,0.0,0.2666666666666666,0.2643766638243256,52.556277151693024,0.0011507961262878323,0.9728234064052618,0.06800071200191488,0.48930957925610463
S5-LMC,interleaved,39,0.0,0.2666666666666666,0.2643766638243256,52.556277151693024,0.0011507961262878323,0.9465982040613335,0.013334725821049442,0.04929261214514234
S5-LMC,interleaved,40,0.0,0.2666666666666666,0.2643766638243256,52.556277151693024,0.0011507961262878323,0.9615643139268615,0.04369379513558533,0.24527426801966315
S5-LMC,interleaved,41,0.0,0.2666666666666666,0.2643766638243256,52.556277151693024,0.0011507961262878323,0.9848875046040376,0.004998366147169975,-0.023372255462005036
S5-LMC,interleaved,42,0.0,0.2666666666666666,0.2643766638243256,52.556277151693024,0.0011507961262878323,0.9845594087335732,0.06987809024925426,0.42032813544662134
S5-LMC,interleaved,43,0.0,0.2666666666666666,0.2643766638243256,52.556277151693024,0.0011507961262878323,0.9626183315128765,0.0347756564764837,0.19255448462053645
S5-LMC,interleaved,44,0.0,0.2666666666666666,0.2643766638243256,52.556277151693024,0.0011507961262878323,0.9622651432168319,0.04501186229274903,0.2277423572348708
S5-LMC,interleaved,45,0.0,0.2666666666666666,0.2643766638243256,52.556277151693024,0.0011507961262878323,0.9533147266441637,0.008263720156104576,0.015908929013238933
S5-LMC,interleaved,46,0.0,0.2666666666666666,0.2643766638243256,52.556277151693024,0.0011507961262878323,0.9819935783025108,0.019298174389867723,0.09151183619403792
S5-LMC,interleaved,47,0.0,0.2666666666666666,0.2643766638243256,52.556277151693024,0.0011507961262878323,0.969198959219795,0.03584082039846176,0.2255486214198581
S5-LMC,interleaved,48,0.0,0.2666666666666666,0.2643766638243256,52.556277151693024,0.0011507961262878323,0.9226479118862666,0.023303300407535227,0.06815420515909018
S5-LMC,interleaved,49,0.0,0.2666666666666666,0.2643766638243256,52.556277151693024,0.0011507961262878323,0.9629125758896541,0.03173945852686609,0.1649818229403942
S5-LMC,interleaved,50,0.0,0.2666666666666666,0.2643766638243256,52.556277151693024,0.0011507961262878323,0.9919073757607825,0.014977053355428649,0.05268379530760287
S5-LMC,interleaved,51,0.0,0.2666666666666666,0.2643766638243256,52.556277151693024,0.0011507961262878323,0.9842502418036735,0.012582121202202548,0.009629488630409844
S5-LMC,interleaved,52,0.0,0.2666666666666666,0.2643766638243256,52.556277151693024,0.0011507961262878323,0.9576626403551135,0.01498601885278189,0.05950034783750966
S5-LMC,interleaved,53,0.0,0.2666666666666666,0.2643766638243256,52.556277151693024,0.0011507961262878323,0.937394523940949,0.02016245499064362,0.0866989178073058
S5-LMC,interleaved,54,0.0,0.2666666666666666,0.2643766638243256,52.556277151693024,0.0011507961262878323,0.9584292079499289,0.018391618274725047,0.07771543472897849
S5-LMC,interleaved,55,0.0,0.2666666666666666,0.2643766638243256,52.556277151693024,0.0011507961262878323,0.8950580138951223,0.0274928410033711,0.1602263312021124
S5-LMC,interleaved,56,0.0,0.2666666666666666,0.2643766638243256,52.556277151693024,0.0011507961262878323,0.971956142636893,0.01134772793062555,0.0487755209923835
S5-LMC,interleaved,57,0.0,0.2666666666666666,0.2643766638243256,52.556277151693024,0.0011507961262878323,0.9750822506177321,0.025639015908496016,0.13594029362972873
S5-LMC,interleaved,58,0.0,0.2666666666666666,0.2643766638243256,52.556277151693024,0.0011507961262878323,0.985689668813211,0.021454370174908838,0.04803148615207991
S5-LMC,interleaved,59,0.0,0.2666666666666666,0.2643766638243256,52.556277151693024,0.0011507961262878323,0.9899032384371887,0.0015869507885134249,-0.023860601393723056
S5-LMC,interleaved,60,0.0,0.2666666666666666,0.2643766638243256,52.556277151693024,0.0011507961262878323,0.9753201294687128,0.04496667956839548,0.2609254217090215
S5-LMC,interleaved,61,0.0,0.2666666666666666,0.2643766638243256,52.556277151693024,0.0011507961262878323,0.9418404898461021,-0.002398355911437472,-0.015681553153509217
S5-LMC,interleaved,62,0.0,0.2666666666666666,0.2643766638243256,52.556277151693024,0.0011507961262878323,0.9450341277596881,0.03338424890873265,0.17487807734717525
S5-LMC,interleaved,63,0.0,0.2666666666666666,0.2643766638243256,52.556277151693024,0.0011507961262878323,0.9708596170629616,0.025183726310107513,0.09702866346156973
S5-LMC,interleaved,64,0.0,0.2666666666666666,0.2643766638243256,52.556277151693024,0.0011507961262878323,0.9817005615979695,0.004016225258271333,0.030438239513101324
S5-LMC,interleaved,65,0.0,0.2666666666666666,0.2643766638243256,52.556277151693024,0.0011507961262878323,0.9516278398219533,0.031213333469751525,0.17756936232636367
S5-LMC,interleaved,66,0.0,0.2666666666666666,0.2643766638243256,52.556277151693024,0.0011507961262878323,0.9412549774004927,0.0223016372952686,0.10572000523768636
S5-LMC,interleaved,67,0.0,0.2666666666666666,0.2643766638243256,52.556277151693024,0.0011507961262878323,0.9795407596356686,0.03420849007710772,0.17416045590836327
S5-LMC,interleaved,68,0.0,0.2666666666666666,0.2643766638243256,52.556277151693024,0.0011507961262878323,0.905241046968156,0.013692377511780651,0.0603208783763765
S5-LMC,interleaved,69,0.0,0.2666666666666666,0.2643766638243256,52.556277151693024,0.0011507961262878323,0.9864144986003723,0.06051756968842176,0.28956733963668385
S5-LMC,interleaved,70,0.0,0.2666666666666666,0.2643766638243256,52.556277151693024,0.0011507961262878323,0.9956767893233625,0.014398530158925477,0.039647015397086066
S5-LMC,interleaved,71,0.0,0.2666666666666666,0.2643766638243256,52.556277151693024,0.0011507961262878323,0.9486007685212471,0.04733664512703903,0.2816879291266678
S5-LMC,interleaved,72,0.0,0.2666666666666666,0.2643766638243256,52.556277151693024,0.0011507961262878323,0.936642631020999,0.012649295457322324,0.036845238303906756
S5-LMC,interleaved,73,0.0,0.2666666666666666,0.2643766638243256,52.556277151693024,0.0011507961262878323,0.9585910086534231,0.007618963678397095,-0.020454643622191366
S5-LMC,interleaved,74,0.0,0.2666666666666666,0.2643766638243256,52.556277151693024,0.0011507961262878323,0.9772931480081203,0.03698752398465893,0.17683673327475277
S5-LMC,interleaved,75,0.0,0.2666666666666666,0.2643766638243256,52.556277151693024,0.0011507961262878323,0.9200888582368616,0.024598198843282404,0.10809950182058704
S5-LMC,interleaved,76,0.0,0.2666666666666666,0.2643766638243256,52.556277151693024,0.0011507961262878323,0.9842347738978086,0.04242749036653937,0.2516538727511831
S5-LMC,interleaved,77,0.0,0.2666666666666666,0.2643766638243256,52.556277151693024,0.0011507961262878323,0.9562760951620508,0.024173611598294342,0.10064066749167085
S5-LMC,interleaved,78,0.0,0.2666666666666666,0.2643766638243256,52.556277151693024,0.0011507961262878323,0.9695080876987998,0.032104912015722825,0.12555524213426103
S5-LMC,interleaved,79,0.0,0.2666666666666666,0.2643766638243256,52.556277151693024,0.0011507961262878323,0.9746758337506616,0.0077968802731010756,0.01499340529522321
S5-LMC,separated,0,0.0,11.25000000000002,0.0,0.13501527123658855,2.5137119377793836e-06,-0.9999811606674243,-9.292644798963856e-05,-0.0005647551100880452
S5-LMC,separated,1,0.0,11.25000000000002,0.0,0.13501527123658855,2.5137119377793836e-06,0.9999783566020526,-8.545446096389075e-05,-0.0005573023237865159
S5-LMC,separated,2,0.0,11.25000000000002,0.0,0.13501527123658855,2.5137119377793836e-06,-0.9999661048590324,0.00016971422445283268,0.0008723040052461934
S5-LMC,separated,3,0.0,11.25000000000002,0.0,0.13501527123658855,2.5137119377793836e-06,-0.999959686010518,4.68846553413893e-05,0.00032378275694548475
S5-LMC,separated,4,0.0,11.25000000000002,0.0,0.13501527123658855,2.5137119377793836e-06,-0.9999936691605762,2.002821071880878e-05,0.00014078692478273526
S5-LMC,separated,5,0.0,11.25000000000002,0.0,0.13501527123658855,2.5137119377793836e-06,-0.9999817862208175,-0.0002780161656678326,-0.0028317845307384635
S5-LMC,separated,6,0.0,11.25000000000002,0.0,0.13501527123658855,2.5137119377793836e-06,-0.9999629552995614,-2.8303419957437237e-05,-0.00020856336902568318
S5-LMC,separated,7,0.0,11.25000000000002,0.0,0.13501527123658855,2.5137119377793836e-06,0.9999768182458229,-8.022576680366544e-05,-0.0005464332666810373
S5-LMC,separated,8,0.0,11.25000000000002,0.0,0.13501527123658855,2.5137119377793836e-06,0.9999723235918738,-0.0003146611666736965,-0.0016941639722165914
S5-LMC,separated,9,0.0,11.25000000000002,0.0,0.13501527123658855,2.5137119377793836e-06,0.9999783054031689,-0.0003353264123406585,-0.002487494866378576
S5-LMC,separated,10,0.0,11.25000000000002,0.0,0.13501527123658855,2.5137119377793836e-06,-0.999990332068969,0.0008881411725605859,0.004215804118816877
S5-LMC,separated,11,0.0,11.25000000000002,0.0,0.13501527123658855,2.5137119377793836e-06,0.9999754814878097,5.215281638770719e-06,-9.234628430035418e-06
S5-LMC,separated,12,0.0,11.25000000000002,0.0,0.13501527123658855,2.5137119377793836e-06,-0.9999907853762283,-4.357615611430554e-05,-0.0006474778868661749
S5-LMC,separated,13,0.0,11.25000000000002,0.0,0.13501527123658855,2.5137119377793836e-06,0.9999842555283552,5.915272789352999e-05,0.00019237135703458196
S5-LMC,separated,14,0.0,11.25000000000002,0.0,0.13501527123658855,2.5137119377793836e-06,-0.9999850277423208,3.187686644987031e-05,0.0001825918780570641
S5-LMC,separated,15,0.0,11.25000000000002,0.0,0.13501527123658855,2.5137119377793836e-06,0.9999773577126253,6.680029401273657e-05,0.0004824445003772479
S5-LMC,separated,16,0.0,11.25000000000002,0.0,0.13501527123658855,2.5137119377793836e-06,-0.9999842720158963,0.00014292794826553656,0.0010377934096432696
S5-LMC,separated,17,0.0,11.25000000000002,0.0,0.13501527123658855,2.5137119377793836e-06,0.7087672278752198,-7.602183834456988e-05,-0.000918496140566558
S5-LMC,separated,18,0.0,11.25000000000002,0.0,0.13501527123658855,2.5137119377793836e-06,0.9999931660170562,-0.00032408937757613665,-0.001076367213580863
S5-LMC,separated,19,0.0,11.25000000000002,0.0,0.13501527123658855,2.5137119377793836e-06,-0.9999782877720215,1.3581191442318952e-05,0.00018488561960780387
S5-LMC,separated,20,0.0,11.25000000000002,0.0,0.13501527123658855,2.5137119377793836e-06,-1.0,5.3941054798001264e-05,0.00014404725139179295
S5-LMC,separated,21,0.0,11.25000000000002,0.0,0.13501527123658855,2.5137119377793836e-06,0.4114715179034011,-2.3694179225902667e-05,-0.0001388071884246352
S5-LMC,separated,22,0.0,11.25000000000002,0.0,0.13501527123658855,2.5137119377793836e-06,-1.0,-7.949049737016045e-05,-0.00021773114276342349
S5-LMC,separated,23,0.0,11.25000000000002,0.0,0.13501527123658855,2.5137119377793836e-06,0.9239929161771958,9.639930162674837e-06,1.1612958196440444e-05
S5-LMC,separated,24,0.0,11.25000000000002,0.0,0.13501527123658855,2.5137119377793836e-06,-0.4543522817884145,-2.2592699645274106e-06,-4.054840016367532e-05
S5-LMC,separated,25,0.0,11.25000000000002,0.0,0.13501527123658855,2.5137119377793836e-06,0.9999699317597066,-0.00040922586601901956,-0.001820818677606978
S5-LMC,separated,26,0.0,11.25000000000002,0.0,0.13501527123658855,2.5137119377793836e-06,-0.9999684370725396,-0.0005892397120150217,-0.00402804579157454
S5-LMC,separated,27,0.0,11.25000000000002,0.0,0.13501527123658855,2.5137119377793836e-06,0.9999806702078554,3.108627048953316e-05,0.00023577310992053727
S5-LMC,separated,28,0.0,11.25000000000002,0.0,0.13501527123658855,2.5137119377793836e-06,0.9395947168552046,1.01628073773119e-06,7.24839071223555e-05
S5-LMC,separated,29,0.0,11.25000000000002,0.0,0.13501527123658855,2.5137119377793836e-06,0.9999791648371077,-0.00016252425627155676,-0.0011438440498412075
S5-LMC,separated,30,0.0,11.25000000000002,0.0,0.13501527123658855,2.5137119377793836e-06,-0.9999858673496206,-0.0001156110573202751,-0.0011241657603531287
S5-LMC,separated,31,0.0,11.25000000000002,0.0,0.13501527123658855,2.5137119377793836e-06,0.9999846794430304,0.0005323686522680782,0.002803503659901489
S5-LMC,separated,32,0.0,11.25000000000002,0.0,0.13501527123658855,2.5137119377793836e-06,0.9999551019298187,-4.0021754518504427e-05,-0.00012595316268312987
S5-LMC,separated,33,0.0,11.25000000000002,0.0,0.13501527123658855,2.5137119377793836e-06,0.9999791757283094,-1.6681697592002553e-05,-0.00010674429398889138
S5-LMC,separated,34,0.0,11.25000000000002,0.0,0.13501527123658855,2.5137119377793836e-06,-0.9999702889570218,9.447393369566015e-05,-8.363064782113636e-05
S5-LMC,separated,35,0.0,11.25000000000002,0.0,0.13501527123658855,2.5137119377793836e-06,-0.9999657913020202,-8.211186477929955e-05,0.0004034374325560382
S5-LMC,separated,36,0.0,11.25000000000002,0.0,0.13501527123658855,2.5137119377793836e-06,0.9999846834491695,0.00026579007887897466,0.0012537669990355354
S5-LMC,separated,37,0.0,11.25000000000002,0.0,0.13501527123658855,2.5137119377793836e-06,0.9999882298822056,6.730527496462413e-05,0.002162016965457886
S5-LMC,separated,38,0.0,11.25000000000002,0.0,0.13501527123658855,2.5137119377793836e-06,0.9999866220374904,-0.00013920949482068568,-0.000904982887293448
S5-LMC,separated,39,0.0,11.25000000000002,0.0,0.13501527123658855,2.5137119377793836e-06,-0.9999926589991732,-0.0013704330157861822,-0.0080035470954432
S5-LMC,separated,40,0.0,11.25000000000002,0.0,0.13501527123658855,2.5137119377793836e-06,0.9999730912952336,-0.0002516084611794145,-0.001815866205481025
S5-LMC,separated,41,0.0,11.25000000000002,0.0,0.13501527123658855,2.5137119377793836e-06,-0.9999733927549644,-2.797282585592642e-05,-0.000201817722152071
S5-LMC,separated,42,0.0,11.25000000000002,0.0,0.13501527123658855,2.5137119377793836e-06,0.9999866945694464,-0.0004895190021663443,-0.0028703571159403637
S5-LMC,separated,43,0.0,11.25000000000002,0.0,0.13501527123658855,2.5137119377793836e-06,0.9999847137065224,-3.27565174790545e-05,0.00018393996939331387
S5-LMC,separated,44,0.0,11.25000000000002,0.0,0.13501527123658855,2.5137119377793836e-06,0.9999875305056134,-6.733876889625234e-06,-5.682034570641398e-05
S5-LMC,separated,45,0.0,11.25000000000002,0.0,0.13501527123658855,2.5137119377793836e-06,0.9999521960098902,0.0003858830072748509,0.0016080329239031585
S5-LMC,separated,46,0.0,11.25000000000002,0.0,0.13501527123658855,2.5137119377793836e-06,0.9999650566659578,-5.881963433845838e-06,1.310186593979958e-05
S5-LMC,separated,47,0.0,11.25000000000002,0.0,0.13501527123658855,2.5137119377793836e-06,-0.9999092042625951,3.4414957037931515e-05,0.0010292873432726343
S5-LMC,separated,48,0.0,11.25000000000002,0.0,0.13501527123658855,2.5137119377793836e-06,-0.9999643404868609,-4.029041896225216e-06,0.00027062330185488543
S5-LMC,separated,49,0.0,11.25000000000002,0.0,0.13501527123658855,2.5137119377793836e-06,-0.999965534662242,1.428623908292237e-05,-5.2643134145437255e-05
S5-LMC,separated,50,0.0,11.25000000000002,0.0,0.13501527123658855,2.5137119377793836e-06,0.9999841847326442,-5.166527404085186e-05,-0.0005517970226552815
S5-LMC,separated,51,0.0,11.25000000000002,0.0,0.13501527123658855,2.5137119377793836e-06,0.9999998046015094,4.5842544936863794e-05,0.00018629814600543138
S5-LMC,separated,52,0.0,11.25000000000002,0.0,0.13501527123658855,2.5137119377793836e-06,-0.9999818436215514,-0.00010377101271957789,-0.0009131614732536713
S5-LMC,separated,53,0.0,11.25000000000002,0.0,0.13501527123658855,2.5137119377793836e-06,-0.9999999820684404,-6.242734495792712e-05,-0.0005208152115204969
S5-LMC,separated,54,0.0,11.25000000000002,0.0,0.13501527123658855,2.5137119377793836e-06,-0.9999706732673104,-7.683719048467985e-06,-0.0001233597732653325
S5-LMC,separated,55,0.0,11.25000000000002,0.0,0.13501527123658855,2.5137119377793836e-06,0.9999690429293405,-0.0001015715367579384,-0.0013973609907335768
S5-LMC,separated,56,0.0,11.25000000000002,0.0,0.13501527123658855,2.5137119377793836e-06,-0.9999436598192393,0.0004524022454895915,0.003279810007462436
S5-LMC,separated,57,0.0,11.25000000000002,0.0,0.13501527123658855,2.5137119377793836e-06,-0.9999816752297229,-0.0002969795759545091,-0.0019923828532282576
S5-LMC,separated,58,0.0,11.25000000000002,0.0,0.13501527123658855,2.5137119377793836e-06,-0.9999924789256796,-0.0004814845548418989,-0.004121543594471085
S5-LMC,separated,59,0.0,11.25000000000002,0.0,0.13501527123658855,2.5137119377793836e-06,0.9999854290629829,0.0005259062355856547,0.0016636181631027823
S5-LMC,separated,60,0.0,11.25000000000002,0.0,0.13501527123658855,2.5137119377793836e-06,0.9999732639928626,5.3346037455298534e-05,-0.0007723370432730604
S5-LMC,separated,61,0.0,11.25000000000002,0.0,0.13501527123658855,2.5137119377793836e-06,-0.9999943525423084,-0.0002860223327528222,-0.0026004439675112153
S5-LMC,separated,62,0.0,11.25000000000002,0.0,0.13501527123658855,2.5137119377793836e-06,0.9999756625665793,0.0002251899675997926,0.0014923288450847528
S5-LMC,separated,63,0.0,11.25000000000002,0.0,0.13501527123658855,2.5137119377793836e-06,-0.9999680386208594,-4.677292234428476e-05,-0.0006309930481132759
S5-LMC,separated,64,0.0,11.25000000000002,0.0,0.13501527123658855,2.5137119377793836e-06,0.9999763867309074,-7.23436159940638e-05,-0.0006097683777976597
S5-LMC,separated,65,0.0,11.25000000000002,0.0,0.13501527123658855,2.5137119377793836e-06,0.9999717967701535,1.864216256133866e-05,0.00014164354167348672
S5-LMC,separated,66,0.0,11.25000000000002,0.0,0.13501527123658855,2.5137119377793836e-06,-0.9999669658864991,7.170052685517847e-05,0.000666467957283419
S5-LMC,separated,67,0.0,11.25000000000002,0.0,0.13501527123658855,2.5137119377793836e-06,0.1999315910991349,-4.257224576115215e-06,-2.8271326555703395e-05
S5-LMC,separated,68,0.0,11.25000000000002,0.0,0.13501527123658855,2.5137119377793836e-06,0.9999754767556973,-0.0001396191808379077,-0.0013342582404699702
S5-LMC,separated,69,0.0,11.25000000000002,0.0,0.13501527123658855,2.5137119377793836e-06,0.9999828344992524,-7.615166136618057e-05,-0.0006003442522345424
S5-LMC,separated,70,0.0,11.25000000000002,0.0,0.13501527123658855,2.5137119377793836e-06,0.9999907160461193,-0.00019034715018398374,-0.0016930602454998463
S5-LMC,separated,71,0.0,11.25000000000002,0.0,0.13501527123658855,2.5137119377793836e-06,0.9999515648667613,-2.261296023831072e-05,-5.547384827500982e-05
S5-LMC,separated,72,0.0,11.25000000000002,0.0,0.13501527123658855,2.5137119377793836e-06,0.9999731446834484,-5.6107548855210965e-05,0.00028461618546925574
S5-LMC,separated,73,0.0,11.25000000000002,0.0,0.13501527123658855,2.5137119377793836e-06,-0.9242546794611384,-2.7262421719020935e-05,-7.750676346473436e-05
S5-LMC,separated,74,0.0,11.25000000000002,0.0,0.13501527123658855,2.5137119377793836e-06,0.9999716076115301,8.941842996129656e-06,-0.0007446973480954388
S5-LMC,separated,75,0.0,11.25000000000002,0.0,0.13501527123658855,2.5137119377793836e-06,-0.14888887868670192,2.7851218006025302e-06,3.318477121793765e-06
S5-LMC,separated,76,0.0,11.25000000000002,0.0,0.13501527123658855,2.5137119377793836e-06,-0.9999738908516654,-1.3828313176561524e-05,-2.434219091277482e-05
S5-LMC,separated,77,0.0,11.25000000000002,0.0,0.13501527123658855,2.5137119377793836e-06,-0.9999827955070247,-0.0006809582293189897,-0.0033827091257686752
S5-LMC,separated,78,0.0,11.25000000000002,0.0,0.13501527123658855,2.5137119377793836e-06,0.9999814015557985,0.00011751422496517061,0.0004591519875795267
S5-LMC,separated,79,0.0,11.25000000000002,0.0,0.13501527123658855,2.5137119377793836e-06,0.9999925575549106,0.0009135729061970355,0.005685168940033512
